0,0.0,0.0,-0.16176470588235295,-0.10784313725490197,-0.25980392156862747,-0.27450980392156865,-0.29901960784313725,-0.43137254901960786,-0.3382352941176471,-0.5784313725490197,-0.11274509803921569,-0.5098039215686274,-0.08823529411764706,-0.7205882352941176,-0.06372549019607843,-0.8480392156862745,-0.03431372549019608,-0.9656862745098039,-0.004901960784313725,-0.5147058823529411,0.0196078431372549,-0.7303921568627451,0.04411764705882353,-0.8725490196078431,0.06372549019607843,-1.0,0.08823529411764706,-0.47058823529411764,0.12254901960784313,-0.6715686274509803,0.14705882352941177,-0.7990196078431373,0.16666666666666666,-0.9166666666666666,0.18137254901960784,-0.39705882352941174,0.20588235294117646,-0.5490196078431373,0.21568627450980393,-0.6568627450980392,0.22549019607843138,-0.7598039215686274
0,0.0,0.0,-0.14136125654450263,-0.13612565445026178,-0.2198952879581152,-0.32460732984293195,-0.24083769633507854,-0.4869109947643979,-0.2513089005235602,-0.6335078534031413,-0.04712041884816754,-0.5497382198952879,0.0,-0.7539267015706806,0.03664921465968586,-0.8795811518324608,0.06806282722513089,-0.9895287958115183,0.05759162303664921,-0.5392670157068062,0.10471204188481675,-0.7539267015706806,0.13612565445026178,-0.8848167539267016,0.16230366492146597,-1.0,0.14659685863874344,-0.4869109947643979,0.193717277486911,-0.6858638743455497,0.2198952879581152,-0.8115183246073299,0.24083769633507854,-0.9267015706806283,0.23036649214659685,-0.4031413612565445,0.2670157068062827,-0.5549738219895288,0.2879581151832461,-0.6596858638743456,0.29842931937172773,-0.7539267015706806
0,0.0,0.0,-0.22282608695652173,0.005434782608695652,-0.42934782608695654,-0.09782608695652174,-0.5815217391304348,-0.20108695652173914,-0.7282608695652174,-0.29347826086956524,-0.44565217391304346,-0.3858695652173913,-0.5380434782608695,-0.6195652173913043,-0.5978260869565217,-0.7663043478260869,-0.6467391304347826,-0.8967391304347826,-0.358695652173913,-0.41847826086956524,-0.4673913043478261,-0.6739130434782609,-0.532608695652174,-0.8478260869565217,-0.5869565217391305,-1.0,-0.2554347826086957,-0.4076086956521739,-0.3532608695652174,-0.657608695652174,-0.4076086956521739,-0.8152173913043478,-0.46195652173913043,-0.9565217391304348,-0.125,-0.3695652173913043,-0.1956521739130435,-0.5597826086956522,-0.25,-0.6847826086956522,-0.30978260869565216,-0.7989130434782609
0,0.0,0.0,-0.37593984962406013,-0.09022556390977443,-0.5939849624060151,-0.23308270676691728,-0.7669172932330827,-0.3007518796992481,-0.9849624060150376,-0.3684210526315789,-0.5639097744360902,-0.45864661654135336,-0.6992481203007519,-0.6842105263157895,-0.8120300751879699,-0.8270676691729323,-0.9022556390977443,-0.9548872180451128,-0.46616541353383456,-0.40601503759398494,-0.5789473684210527,-0.6691729323308271,-0.6766917293233082,-0.8421052631578947,-0.7819548872180451,-1.0,-0.3458646616541353,-0.3082706766917293,-0.42857142857142855,-0.5338345864661654,-0.518796992481203,-0.706766917293233,-0.6165413533834586,-0.8421052631578947,-0.22556390977443608,-0.16541353383458646,-0.2706766917293233,-0.3082706766917293,-0.3458646616541353,-0.42105263157894735,-0.42105263157894735,-0.518796992481203
0,0.0,0.0,-0.2072072072072072,-0.0945945945945946,-0.33783783783783783,-0.2747747747747748,-0.44594594594594594,-0.4099099099099099,-0.5675675675675675,-0.5045045045045045,-0.26126126126126126,-0.46846846846846846,-0.2972972972972973,-0.6846846846846847,-0.32882882882882886,-0.8198198198198198,-0.35585585585585583,-0.9459459459459459,-0.20270270270270271,-0.45045045045045046,-0.21621621621621623,-0.6936936936936937,-0.24324324324324326,-0.8558558558558559,-0.26126126126126126,-1.0,-0.13063063063063063,-0.3918918918918919,-0.12162162162162163,-0.6216216216216216,-0.12612612612612611,-0.7702702702702703,-0.13963963963963963,-0.9054054054054054,-0.05405405405405406,-0.2972972972972973,-0.036036036036036036,-0.46846846846846846,-0.036036036036036036,-0.5855855855855856,-0.04054054054054054,-0.6936936936936937
0,0.0,0.0,-0.17194570135746606,-0.11312217194570136,-0.248868778280543,-0.29411764705882354,-0.2669683257918552,-0.45701357466063347,-0.29411764705882354,-0.6063348416289592,-0.07692307692307693,-0.497737556561086,-0.07239819004524888,-0.7104072398190046,-0.07239819004524888,-0.8461538461538461,-0.07239819004524888,-0.9683257918552036,0.03167420814479638,-0.4841628959276018,0.058823529411764705,-0.7104072398190046,0.06334841628959276,-0.8642533936651584,0.06334841628959276,-1.0,0.12217194570135746,-0.42081447963800905,0.167420814479638,-0.6289592760180995,0.18552036199095023,-0.7737556561085973,0.19457013574660634,-0.9049773755656109,0.20361990950226244,-0.3257918552036199,0.26244343891402716,-0.48868778280542985,0.2895927601809955,-0.6018099547511312,0.31221719457013575,-0.7194570135746606
0,0.0,0.0,-0.148,-0.14,-0.208,-0.336,-0.208,-0.496,-0.216,-0.636,-0.028,-0.532,-0.004,-0.736,0.0,-0.864,0.008,-0.972,0.068,-0.524,0.108,-0.74,0.12,-0.884,0.132,-1.0,0.152,-0.472,0.204,-0.676,0.224,-0.808,0.236,-0.928,0.224,-0.388,0.284,-0.54,0.308,-0.64,0.32,-0.74
0,0.0,0.0,-0.13306451612903225,-0.125,-0.20161290322580644,-0.28225806451612906,-0.21370967741935484,-0.40725806451612906,-0.2217741935483871,-0.5120967741935484,0.05241935483870968,-0.5282258064516129,0.10483870967741936,-0.7298387096774194,0.13709677419354838,-0.8548387096774194,0.1693548387096774,-0.967741935483871,0.14112903225806453,-0.5120967741935484,0.1935483870967742,-0.7258064516129032,0.2217741935483871,-0.875,0.24596774193548387,-1.0,0.21370967741935484,-0.4596774193548387,0.28225806451612906,-0.6532258064516129,0.31451612903225806,-0.7701612903225806,0.3467741935483871,-0.8709677419354839,0.2782258064516129,-0.375,0.3548387096774194,-0.5241935483870968,0.3911290322580645,-0.6290322580645161,0.42338709677419356,-0.7298387096774194
0,0.0,0.0,-0.17333333333333334,-0.12444444444444444,-0.2577777777777778,-0.31555555555555553,-0.28,-0.48444444444444446,-0.3022222222222222,-0.6355555555555555,-0.1111111111111111,-0.5333333333333333,-0.10222222222222223,-0.7422222222222222,-0.09333333333333334,-0.8711111111111111,-0.08444444444444445,-0.9911111111111112,-0.017777777777777778,-0.52,0.0,-0.7377777777777778,0.008888888888888889,-0.8755555555555555,0.022222222222222223,-1.0,0.07111111111111111,-0.4622222222222222,0.09333333333333334,-0.6666666666666666,0.10222222222222223,-0.7955555555555556,0.10666666666666667,-0.9155555555555556,0.16444444444444445,-0.37777777777777777,0.19555555555555557,-0.5377777777777778,0.2,-0.6533333333333333,0.19555555555555557,-0.76
0,0.0,0.0,-0.11351351351351352,-0.16756756756756758,-0.13513513513513514,-0.3783783783783784,-0.07027027027027027,-0.5459459459459459,0.016216216216216217,-0.7027027027027027,0.14054054054054055,-0.5675675675675675,0.25405405405405407,-0.7783783783783784,0.33513513513513515,-0.8972972972972973,0.41621621621621624,-1.0,0.2648648648648649,-0.518918918918919,0.3891891891891892,-0.7405405405405405,0.4702702702702703,-0.8702702702702703,0.5459459459459459,-0.9891891891891892,0.34594594594594597,-0.43243243243243246,0.4756756756756757,-0.6324324324324324,0.5513513513513514,-0.7567567567567568,0.6162162162162163,-0.8702702702702703,0.41621621621621624,-0.31351351351351353,0.5243243243243243,-0.4702702702702703,0.5837837837837838,-0.5783783783783784,0.6378378378378379,-0.6864864864864865
0,0.0,0.0,-0.15873015873015872,-0.12301587301587301,-0.24603174603174602,-0.2976190476190476,-0.25793650793650796,-0.4603174603174603,-0.23809523809523808,-0.6031746031746031,-0.10317460317460317,-0.5119047619047619,-0.0992063492063492,-0.7222222222222222,-0.0873015873015873,-0.8492063492063492,-0.06746031746031746,-0.9642857142857143,0.0,-0.5158730158730159,0.011904761904761904,-0.7380952380952381,0.023809523809523808,-0.876984126984127,0.03571428571428571,-1.0,0.09523809523809523,-0.47619047619047616,0.11904761904761904,-0.6825396825396826,0.1349206349206349,-0.8055555555555556,0.14285714285714285,-0.9206349206349206,0.19047619047619047,-0.3968253968253968,0.2222222222222222,-0.5515873015873016,0.23015873015873015,-0.6547619047619048,0.23809523809523808,-0.75
0,0.0,0.0,-0.10784313725490197,-0.19607843137254902,-0.10294117647058823,-0.4117647058823529,-0.03431372549019608,-0.5882352941176471,0.029411764705882353,-0.7352941176470589,0.11274509803921569,-0.5686274509803921,0.23529411764705882,-0.7794117647058824,0.3137254901960784,-0.8970588235294118,0.39215686274509803,-1.0,0.22058823529411764,-0.5245098039215687,0.3431372549019608,-0.7450980392156863,0.43137254901960786,-0.8774509803921569,0.5098039215686274,-0.9852941176470589,0.29901960784313725,-0.45098039215686275,0.4117647058823529,-0.6617647058823529,0.4852941176470588,-0.7843137254901961,0.553921568627451,-0.8921568627450981,0.36764705882352944,-0.3480392156862745,0.45098039215686275,-0.5196078431372549,0.5,-0.6225490196078431,0.5441176470588235,-0.7156862745098039
0,0.0,0.0,-0.14516129032258066,-0.12365591397849462,-0.21505376344086022,-0.3225806451612903,-0.1774193548387097,-0.4946236559139785,-0.08602150537634409,-0.6290322580645161,0.03763440860215054,-0.5645161290322581,0.11290322580645161,-0.7849462365591398,0.20430107526881722,-0.9032258064516129,0.3010752688172043,-1.0,0.16666666666666666,-0.543010752688172,0.26881720430107525,-0.7688172043010753,0.3602150537634409,-0.8924731182795699,0.45161290322580644,-1.0,0.26881720430107525,-0.478494623655914,0.3709677419354839,-0.6827956989247311,0.44086021505376344,-0.8010752688172043,0.510752688172043,-0.9086021505376344,0.3602150537634409,-0.3709677419354839,0.44086021505376344,-0.5376344086021505,0.4946236559139785,-0.6451612903225806,0.5376344086021505,-0.7473118279569892
0,0.0,0.0,-0.18243243243243243,-0.0472972972972973,-0.3108108108108108,-0.19594594594594594,-0.35135135135135137,-0.33783783783783783,-0.36486486486486486,-0.47297297297297297,-0.14864864864864866,-0.5,-0.13513513513513514,-0.7364864864864865,-0.11486486486486487,-0.8783783783783784,-0.08783783783783784,-1.0,0.0,-0.4864864864864865,0.013513513513513514,-0.7432432432432432,0.04054054054054054,-0.8851351351351351,0.06756756756756757,-0.9932432432432432,0.12837837837837837,-0.42567567567567566,0.16216216216216217,-0.6554054054054054,0.17567567567567569,-0.7837837837837838,0.17567567567567569,-0.8783783783783784,0.2702702702702703,-0.32432432432432434,0.33783783783783783,-0.5135135135135135,0.3581081081081081,-0.6216216216216216,0.35135135135135137,-0.7027027027027027
0,0.0,0.0,0.17167381974248927,-0.1072961373390558,0.24034334763948498,-0.2918454935622318,0.24892703862660945,-0.4592274678111588,0.26180257510729615,-0.592274678111588,0.12446351931330472,-0.5021459227467812,0.14163090128755365,-0.6995708154506438,0.15450643776824036,-0.8240343347639485,0.1630901287553648,-0.9399141630901288,0.030042918454935622,-0.51931330472103,0.055793991416309016,-0.7339055793991416,0.07725321888412018,-0.8755364806866953,0.09871244635193133,-1.0,-0.060085836909871244,-0.4978540772532189,-0.04291845493562232,-0.703862660944206,-0.02575107296137339,-0.8412017167381974,0.0,-0.9613733905579399,-0.15450643776824036,-0.44635193133047213,-0.15021459227467812,-0.6094420600858369,-0.13304721030042918,-0.7167381974248928,-0.1072961373390558,-0.8154506437768241
0,0.0,0.0,0.14671814671814673,-0.13127413127413126,0.20463320463320464,-0.3166023166023166,0.18532818532818532,-0.47876447876447875,0.16216216216216217,-0.6138996138996139,0.05791505791505792,-0.5096525096525096,0.04633204633204633,-0.7142857142857143,0.02702702702702703,-0.8416988416988417,0.003861003861003861,-0.9575289575289575,-0.04247104247104247,-0.5057915057915058,-0.06177606177606178,-0.7258687258687259,-0.08108108108108109,-0.8725868725868726,-0.09652509652509653,-1.0,-0.13127413127413126,-0.47104247104247104,-0.1583011583011583,-0.6756756756756757,-0.1776061776061776,-0.8108108108108109,-0.1891891891891892,-0.9305019305019305,-0.22007722007722008,-0.4015444015444015,-0.2471042471042471,-0.5598455598455598,-0.2548262548262548,-0.667953667953668,-0.26640926640926643,-0.7683397683397684
0,0.0,0.0,0.13253012048192772,-0.13253012048192772,0.18473895582329317,-0.3132530120481928,0.1566265060240964,-0.4738955823293173,0.12048192771084337,-0.6184738955823293,0.040160642570281124,-0.5020080321285141,0.012048192771084338,-0.7028112449799196,-0.01606425702811245,-0.8313253012048193,-0.04819277108433735,-0.9477911646586346,-0.0642570281124498,-0.5020080321285141,-0.09236947791164658,-0.7228915662650602,-0.11244979919678715,-0.8674698795180723,-0.13253012048192772,-1.0,-0.15261044176706828,-0.46586345381526106,-0.18875502008032127,-0.6706827309236948,-0.20883534136546184,-0.8032128514056225,-0.2248995983935743,-0.9156626506024096,-0.23293172690763053,-0.39759036144578314,-0.26104417670682734,-0.5582329317269076,-0.26907630522088355,-0.6666666666666666,-0.27309236947791166,-0.7670682730923695
0,0.0,0.0,0.14349775784753363,-0.1210762331838565,0.2062780269058296,-0.3004484304932735,0.19282511210762332,-0.4663677130044843,0.13452914798206278,-0.5919282511210763,0.03587443946188341,-0.5067264573991032,0.004484304932735426,-0.7040358744394619,-0.026905829596412557,-0.8295964125560538,-0.05829596412556054,-0.9461883408071748,-0.08071748878923767,-0.5067264573991032,-0.11210762331838565,-0.726457399103139,-0.13901345291479822,-0.8699551569506726,-0.16591928251121077,-1.0,-0.17937219730941703,-0.4618834080717489,-0.21973094170403587,-0.6591928251121076,-0.242152466367713,-0.7982062780269058,-0.2600896860986547,-0.9192825112107623,-0.273542600896861,-0.38565022421524664,-0.31390134529147984,-0.547085201793722,-0.33183856502242154,-0.6591928251121076,-0.34080717488789236,-0.7623318385650224
0,0.0,0.0,0.15450643776824036,-0.1072961373390558,0.21888412017167383,-0.2875536480686695,0.21888412017167383,-0.45493562231759654,0.20600858369098712,-0.5965665236051502,0.07725321888412018,-0.4892703862660944,0.07725321888412018,-0.6995708154506438,0.06866952789699571,-0.8326180257510729,0.055793991416309016,-0.9484978540772532,-0.030042918454935622,-0.49356223175965663,-0.03862660944206009,-0.7253218884120172,-0.03862660944206009,-0.8755364806866953,-0.04291845493562232,-1.0,-0.12446351931330472,-0.4592274678111588,-0.1459227467811159,-0.6652360515021459,-0.1459227467811159,-0.8025751072961373,-0.14163090128755365,-0.9184549356223176,-0.21888412017167383,-0.3905579399141631,-0.24892703862660945,-0.5536480686695279,-0.24892703862660945,-0.6652360515021459,-0.2446351931330472,-0.7639484978540773
0,0.0,0.0,0.15555555555555556,-0.10666666666666667,0.22666666666666666,-0.28888888888888886,0.24888888888888888,-0.4488888888888889,0.27555555555555555,-0.5911111111111111,0.11555555555555555,-0.48444444444444446,0.1111111111111111,-0.7022222222222222,0.10666666666666667,-0.8355555555555556,0.10222222222222223,-0.9555555555555556,0.022222222222222223,-0.48,0.017777777777777778,-0.7155555555555555,0.013333333333333334,-0.8666666666666667,0.013333333333333334,-1.0,-0.06222222222222222,-0.43555555555555553,-0.08,-0.6577777777777778,-0.08444444444444445,-0.8044444444444444,-0.08444444444444445,-0.9377777777777778,-0.1511111111111111,-0.36,-0.18222222222222223,-0.5288888888888889,-0.19555555555555557,-0.6488888888888888,-0.2,-0.7644444444444445
0,0.0,0.0,0.20434782608695654,-0.08260869565217391,0.3217391304347826,-0.25217391304347825,0.4260869565217391,-0.3826086956521739,0.5347826086956522,-0.5,0.25217391304347825,-0.4260869565217391,0.29130434782608694,-0.6565217391304348,0.3217391304347826,-0.8043478260869565,0.3565217391304348,-0.9391304347826087,0.16521739130434782,-0.41739130434782606,0.14782608695652175,-0.6652173913043479,0.1565217391304348,-0.8347826086956521,0.17391304347826086,-1.0,0.07391304347826087,-0.3521739130434783,0.030434782608695653,-0.5739130434782609,0.02608695652173913,-0.7391304347826086,0.034782608695652174,-0.9,-0.004347826086956522,-0.25217391304347825,-0.10869565217391304,-0.41304347826086957,-0.1565217391304348,-0.5304347826086957,-0.19130434782608696,-0.6521739130434783
0,0.0,0.0,0.273972602739726,-0.0045662100456621,0.4474885844748858,-0.1324200913242009,0.589041095890411,-0.2100456621004566,0.7534246575342466,-0.2511415525114155,0.4246575342465753,-0.3561643835616438,0.502283105022831,-0.6073059360730594,0.547945205479452,-0.7808219178082192,0.5844748858447488,-0.9269406392694064,0.3059360730593607,-0.3470319634703196,0.3744292237442922,-0.6301369863013698,0.4246575342465753,-0.821917808219178,0.4794520547945205,-1.0,0.1735159817351598,-0.2968036529680365,0.2100456621004566,-0.547945205479452,0.2648401826484018,-0.7214611872146118,0.3013698630136986,-0.8812785388127854,0.0365296803652968,-0.228310502283105,0.0547945205479452,-0.4246575342465753,0.091324200913242,-0.5616438356164384,0.1141552511415525,-0.6986301369863014
0,0.0,0.0,0.1694915254237288,-0.0635593220338983,0.288135593220339,-0.1864406779661017,0.326271186440678,-0.3135593220338983,0.2923728813559322,-0.4406779661016949,0.1652542372881356,-0.4449152542372881,0.18220338983050846,-0.6652542372881356,0.1864406779661017,-0.809322033898305,0.1906779661016949,-0.940677966101695,0.0423728813559322,-0.4533898305084746,0.05508474576271186,-0.6991525423728814,0.06779661016949153,-0.8601694915254238,0.08050847457627118,-1.0,-0.07627118644067797,-0.4194915254237288,-0.08050847457627118,-0.6440677966101694,-0.07203389830508475,-0.7966101694915254,-0.059322033898305086,-0.9279661016949152,-0.1864406779661017,-0.3601694915254237,-0.19915254237288135,-0.5466101694915254,-0.19915254237288135,-0.6694915254237288,-0.1906779661016949,-0.7754237288135594
0,0.0,0.0,0.12345679012345678,-0.10699588477366255,0.19753086419753085,-0.2716049382716049,0.15637860082304528,-0.42386831275720166,0.04938271604938271,-0.5267489711934157,-0.01646090534979424,-0.48559670781893005,-0.06172839506172839,-0.7160493827160493,-0.09465020576131687,-0.8683127572016461,-0.13168724279835392,-1.0,-0.13168724279835392,-0.4691358024691358,-0.19753086419753085,-0.6954732510288066,-0.2551440329218107,-0.8395061728395061,-0.3045267489711934,-0.9547325102880658,-0.22633744855967078,-0.4156378600823045,-0.30864197530864196,-0.6213991769547325,-0.37037037037037035,-0.7613168724279835,-0.42386831275720166,-0.8724279835390947,-0.3168724279835391,-0.3292181069958848,-0.3991769547325103,-0.4897119341563786,-0.4567901234567901,-0.5925925925925926,-0.5061728395061729,-0.6872427983539094
1,0.0,0.0,0.1588235294117647,-0.0058823529411764705,0.27647058823529413,-0.09411764705882353,0.31176470588235294,-0.17058823529411765,0.2235294117647059,-0.2,0.13529411764705881,-0.4588235294117647,0.17058823529411765,-0.7058823529411765,0.21176470588235294,-0.8588235294117647,0.23529411764705882,-1.0,-0.023529411764705882,-0.43529411764705883,-0.08823529411764706,-0.6882352941176471,-0.1,-0.8529411764705882,-0.11176470588235295,-0.9882352941176471,-0.15294117647058825,-0.3411764705882353,-0.10588235294117647,-0.4176470588235294,0.01764705882352941,-0.29411764705882354,0.1,-0.18823529411764706,-0.22941176470588234,-0.20588235294117646,-0.11764705882352941,-0.18823529411764706,0.0,-0.08823529411764706,0.07058823529411765,-0.011764705882352941
1,0.0,0.0,0.16666666666666666,-0.08095238095238096,0.2857142857142857,-0.2,0.3,-0.2761904761904762,0.20952380952380953,-0.28095238095238095,0.1523809523809524,-0.5190476190476191,0.19523809523809524,-0.7333333333333333,0.22857142857142856,-0.8571428571428571,0.2571428571428571,-0.9761904761904762,0.01904761904761905,-0.49047619047619045,-0.009523809523809525,-0.719047619047619,-0.009523809523809525,-0.8714285714285714,-0.01904761904761905,-1.0,-0.09047619047619047,-0.40476190476190477,-0.02857142857142857,-0.5047619047619047,0.0761904761904762,-0.4095238095238095,0.14285714285714285,-0.319047619047619,-0.15714285714285714,-0.2857142857142857,-0.04285714285714286,-0.3047619047619048,0.05714285714285714,-0.22857142857142856,0.11904761904761904,-0.1523809523809524
1,0.0,0.0,0.16062176165803108,-0.07772020725388601,0.2849740932642487,-0.20725388601036268,0.3471502590673575,-0.3005181347150259,0.29015544041450775,-0.3626943005181347,0.17098445595854922,-0.5233160621761658,0.22279792746113988,-0.7253886010362695,0.2538860103626943,-0.844559585492228,0.2849740932642487,-0.9430051813471503,0.031088082901554404,-0.5077720207253886,0.015544041450777202,-0.7564766839378239,0.04145077720207254,-0.8911917098445595,0.06735751295336788,-1.0,-0.07253886010362694,-0.43523316062176165,0.015544041450777202,-0.5803108808290155,0.13989637305699482,-0.46632124352331605,0.20725388601036268,-0.35751295336787564,-0.13471502590673576,-0.32642487046632124,0.015544041450777202,-0.37305699481865284,0.11398963730569948,-0.29015544041450775,0.16062176165803108,-0.20207253886010362
1,0.0,0.0,0.13829787234042554,-0.047872340425531915,0.2393617021276596,-0.22340425531914893,0.2712765957446808,-0.3617021276595745,0.19148936170212766,-0.44680851063829785,0.06382978723404255,-0.4734042553191489,0.10106382978723404,-0.6808510638297872,0.1276595744680851,-0.824468085106383,0.14893617021276595,-0.9361702127659575,-0.0425531914893617,-0.46808510638297873,-0.09574468085106383,-0.7287234042553191,-0.0797872340425532,-0.8882978723404256,-0.06382978723404255,-1.0,-0.1276595744680851,-0.42021276595744683,-0.07446808510638298,-0.6436170212765957,0.047872340425531915,-0.5585106382978723,0.11170212765957446,-0.4627659574468085,-0.19148936170212766,-0.3351063829787234,-0.05851063829787234,-0.42021276595744683,0.047872340425531915,-0.324468085106383,0.09574468085106383,-0.22872340425531915
1,0.0,0.0,0.14732142857142858,-0.08482142857142858,0.24107142857142858,-0.24107142857142858,0.2544642857142857,-0.35714285714285715,0.18303571428571427,-0.42410714285714285,0.10714285714285714,-0.49107142857142855,0.16071428571428573,-0.7008928571428571,0.17857142857142858,-0.8214285714285714,0.18303571428571427,-0.9330357142857143,-0.004464285714285714,-0.47767857142857145,-0.03571428571428571,-0.7276785714285714,-0.03571428571428571,-0.8794642857142857,-0.049107142857142856,-1.0,-0.08928571428571429,-0.41964285714285715,-0.022321428571428572,-0.5982142857142857,0.09375,-0.5044642857142857,0.15625,-0.4107142857142857,-0.13839285714285715,-0.33482142857142855,-0.008928571428571428,-0.42410714285714285,0.07589285714285714,-0.3392857142857143,0.11160714285714286,-0.25
1,0.0,0.0,0.1366120218579235,-0.060109289617486336,0.20218579234972678,-0.26229508196721313,0.15300546448087432,-0.39344262295081966,0.02185792349726776,-0.4644808743169399,0.04371584699453552,-0.5027322404371585,0.0546448087431694,-0.7158469945355191,0.06557377049180328,-0.8579234972677595,0.06557377049180328,-0.9836065573770492,-0.09836065573770492,-0.4918032786885246,-0.16939890710382513,-0.7213114754098361,-0.18579234972677597,-0.8797814207650273,-0.19672131147540983,-1.0,-0.20765027322404372,-0.4207650273224044,-0.273224043715847,-0.639344262295082,-0.16393442622950818,-0.6010928961748634,-0.08196721311475409,-0.5409836065573771,-0.29508196721311475,-0.29508196721311475,-0.26229508196721313,-0.4262295081967213,-0.1366120218579235,-0.36065573770491804,-0.04918032786885246,-0.2677595628415301
1,0.0,0.0,0.1336206896551724,-0.10344827586206896,0.2025862068965517,-0.2629310344827586,0.1724137931034483,-0.3793103448275862,0.08620689655172414,-0.4525862068965517,0.04741379310344827,-0.521551724137931,0.0603448275862069,-0.7370689655172413,0.06465517241379311,-0.8577586206896551,0.0603448275862069,-0.9698275862068966,-0.06465517241379311,-0.5043103448275862,-0.1336206896551724,-0.7456896551724138,-0.15948275862068967,-0.8836206896551724,-0.1939655172413793,-1.0,-0.15517241379310345,-0.4267241379310345,-0.2025862068965517,-0.6206896551724138,-0.09051724137931035,-0.5474137931034483,-0.008620689655172414,-0.46120689655172414,-0.21982758620689655,-0.3146551724137931,-0.1896551724137931,-0.41379310344827586,-0.08620689655172414,-0.3577586206896552,-0.017241379310344827,-0.2801724137931034
1,0.0,0.0,0.11914893617021277,-0.11063829787234042,0.16595744680851063,-0.2425531914893617,0.059574468085106386,-0.3148936170212766,-0.07234042553191489,-0.3276595744680851,0.00851063829787234,-0.502127659574468,0.00425531914893617,-0.7276595744680852,0.0,-0.8595744680851064,-0.00851063829787234,-0.9787234042553191,-0.12340425531914893,-0.4765957446808511,-0.19574468085106383,-0.723404255319149,-0.24680851063829787,-0.8765957446808511,-0.3021276595744681,-1.0,-0.2127659574468085,-0.3872340425531915,-0.2765957446808511,-0.5319148936170213,-0.17872340425531916,-0.4297872340425532,-0.10638297872340426,-0.33191489361702126,-0.2723404255319149,-0.2680851063829787,-0.26382978723404255,-0.3276595744680851,-0.16170212765957448,-0.2723404255319149,-0.0851063829787234,-0.20851063829787234
1,0.0,0.0,0.13793103448275862,-0.09852216748768473,0.22660098522167488,-0.22660098522167488,0.15270935960591134,-0.2660098522167488,0.019704433497536946,-0.24630541871921183,0.054187192118226604,-0.5024630541871922,0.054187192118226604,-0.729064039408867,0.059113300492610835,-0.8719211822660099,0.059113300492610835,-1.0,-0.08866995073891626,-0.4729064039408867,-0.16748768472906403,-0.6995073891625616,-0.2315270935960591,-0.8522167487684729,-0.2857142857142857,-0.9852216748768473,-0.18226600985221675,-0.37438423645320196,-0.24630541871921183,-0.47783251231527096,-0.13793103448275862,-0.3645320197044335,-0.04926108374384237,-0.27586206896551724,-0.24630541871921183,-0.23645320197044334,-0.2315270935960591,-0.24630541871921183,-0.11822660098522167,-0.18226600985221675,-0.014778325123152709,-0.1330049261083744
1,0.0,0.0,0.13274336283185842,-0.09734513274336283,0.20353982300884957,-0.2345132743362832,0.16371681415929204,-0.3230088495575221,0.061946902654867256,-0.36283185840707965,0.04424778761061947,-0.504424778761062,0.07079646017699115,-0.7123893805309734,0.08849557522123894,-0.8362831858407079,0.09292035398230089,-0.9513274336283186,-0.07964601769911504,-0.4823008849557522,-0.12831858407079647,-0.7212389380530974,-0.1504424778761062,-0.8716814159292036,-0.17699115044247787,-1.0,-0.17256637168141592,-0.4026548672566372,-0.2079646017699115,-0.5486725663716814,-0.09734513274336283,-0.4778761061946903,-0.008849557522123894,-0.4026548672566372,-0.23893805309734514,-0.2831858407079646,-0.20353982300884957,-0.3495575221238938,-0.09734513274336283,-0.2920353982300885,-0.01327433628318584,-0.23008849557522124
1,0.0,0.0,0.12149532710280374,-0.11214953271028037,0.19158878504672897,-0.24766355140186916,0.11214953271028037,-0.29439252336448596,-0.009345794392523364,-0.2850467289719626,0.04205607476635514,-0.5093457943925234,0.056074766355140186,-0.7336448598130841,0.06542056074766354,-0.8738317757009346,0.07009345794392523,-1.0,-0.09345794392523364,-0.48130841121495327,-0.16822429906542055,-0.7149532710280374,-0.22897196261682243,-0.8598130841121495,-0.2850467289719626,-0.9813084112149533,-0.18691588785046728,-0.3925233644859813,-0.2523364485981308,-0.5093457943925234,-0.14485981308411214,-0.40654205607476634,-0.06074766355140187,-0.32242990654205606,-0.24766355140186916,-0.27102803738317754,-0.24299065420560748,-0.29906542056074764,-0.13551401869158877,-0.2383177570093458,-0.04205607476635514,-0.17757009345794392
1,0.0,0.0,0.143646408839779,-0.06629834254143646,0.2541436464088398,-0.1878453038674033,0.3149171270718232,-0.27071823204419887,0.292817679558011,-0.3149171270718232,0.12154696132596685,-0.47513812154696133,0.1878453038674033,-0.6906077348066298,0.23204419889502761,-0.8287292817679558,0.26519337016574585,-0.9447513812154696,0.0,-0.4585635359116022,-0.0055248618784530384,-0.712707182320442,0.022099447513812154,-0.8729281767955801,0.03314917127071823,-1.0,-0.08839779005524862,-0.3867403314917127,0.07734806629834254,-0.5138121546961326,0.19337016574585636,-0.40331491712707185,0.23204419889502761,-0.3149171270718232,-0.12154696132596685,-0.287292817679558,0.0718232044198895,-0.3259668508287293,0.143646408839779,-0.23756906077348067,0.16022099447513813,-0.16574585635359115
1,0.0,0.0,0.1853932584269663,-0.08426966292134831,0.3202247191011236,-0.20786516853932585,0.398876404494382,-0.28651685393258425,0.398876404494382,-0.33707865168539325,0.20224719101123595,-0.4943820224719101,0.2752808988764045,-0.6853932584269663,0.3146067415730337,-0.8089887640449438,0.34269662921348315,-0.9213483146067416,0.0898876404494382,-0.47752808988764045,0.12359550561797752,-0.7247191011235955,0.16853932584269662,-0.8764044943820225,0.19101123595505617,-1.0,0.0056179775280898875,-0.4101123595505618,0.19101123595505617,-0.5561797752808989,0.3089887640449438,-0.43820224719101125,0.34831460674157305,-0.34269662921348315,-0.02247191011235955,-0.3089887640449438,0.1853932584269663,-0.3539325842696629,0.2640449438202247,-0.2696629213483146,0.2808988764044944,-0.19662921348314608
1,0.0,0.0,-0.12254901960784313,-0.08823529411764706,-0.22058823529411764,-0.24019607843137256,-0.17647058823529413,-0.3382352941176471,-0.058823529411764705,-0.35784313725490197,-0.07352941176470588,-0.5196078431372549,-0.11764705882352941,-0.7303921568627451,-0.14705882352941177,-0.8578431372549019,-0.1568627450980392,-0.9705882352941176,0.058823529411764705,-0.5049019607843137,0.11274509803921569,-0.7254901960784313,0.15196078431372548,-0.8774509803921569,0.19607843137254902,-1.0,0.16666666666666666,-0.4362745098039216,0.09313725490196079,-0.44607843137254904,0.0,-0.31862745098039214,-0.05392156862745098,-0.22549019607843138,0.24019607843137256,-0.3333333333333333,0.14705882352941177,-0.31862745098039214,0.06372549019607843,-0.24019607843137256,0.014705882352941176,-0.17647058823529413
1,0.0,0.0,-0.1291866028708134,-0.11004784688995216,-0.22009569377990432,-0.2679425837320574,-0.18660287081339713,-0.3875598086124402,-0.07655502392344497,-0.41148325358851673,-0.07177033492822966,-0.5263157894736842,-0.10047846889952153,-0.7320574162679426,-0.11004784688995216,-0.8564593301435407,-0.11004784688995216,-0.9665071770334929,0.05741626794258373,-0.5119617224880383,0.10047846889952153,-0.7320574162679426,0.1291866028708134,-0.8755980861244019,0.16267942583732056,-1.0,0.15789473684210525,-0.44019138755980863,0.0861244019138756,-0.5023923444976076,-0.014354066985645933,-0.3827751196172249,-0.06698564593301436,-0.2822966507177033,0.23444976076555024,-0.3397129186602871,0.14354066985645933,-0.3827751196172249,0.0430622009569378,-0.3014354066985646,-0.014354066985645933,-0.22966507177033493
1,0.0,0.0,-0.12429378531073447,-0.07344632768361582,-0.23728813559322035,-0.23728813559322035,-0.2711864406779661,-0.384180790960452,-0.1864406779661017,-0.4915254237288136,-0.06779661016949153,-0.4858757062146893,-0.1016949152542373,-0.6779661016949152,-0.13559322033898305,-0.8248587570621468,-0.14689265536723164,-0.9491525423728814,0.03389830508474576,-0.4858757062146893,-0.005649717514124294,-0.711864406779661,-0.05084745762711865,-0.8700564971751412,-0.07344632768361582,-1.0,0.13559322033898305,-0.4406779661016949,0.03954802259887006,-0.5932203389830508,-0.0847457627118644,-0.4576271186440678,-0.14689265536723164,-0.3389830508474576,0.23163841807909605,-0.3615819209039548,0.1016949152542373,-0.4519774011299435,-0.011299435028248588,-0.3728813559322034,-0.06779661016949153,-0.2824858757062147
1,0.0,0.0,-0.14285714285714285,-0.10952380952380952,-0.23809523809523808,-0.2571428571428571,-0.2523809523809524,-0.37142857142857144,-0.17142857142857143,-0.44761904761904764,-0.08571428571428572,-0.5,-0.12857142857142856,-0.7095238095238096,-0.1619047619047619,-0.8380952380952381,-0.1761904761904762,-0.9476190476190476,0.01904761904761905,-0.49047619047619045,0.047619047619047616,-0.7238095238095238,0.05714285714285714,-0.8714285714285714,0.06666666666666667,-1.0,0.10476190476190476,-0.42857142857142855,0.0,-0.5380952380952381,-0.10476190476190476,-0.42857142857142855,-0.1619047619047619,-0.3380952380952381,0.1761904761904762,-0.3476190476190476,0.06190476190476191,-0.43333333333333335,-0.03333333333333333,-0.3523809523809524,-0.08095238095238096,-0.2761904761904762
1,0.0,0.0,-0.16055045871559634,-0.09174311926605505,-0.25688073394495414,-0.24311926605504589,-0.3211009174311927,-0.3623853211009174,-0.29357798165137616,-0.46788990825688076,-0.11926605504587157,-0.4908256880733945,-0.13302752293577982,-0.7155963302752294,-0.14678899082568808,-0.8394495412844036,-0.15137614678899083,-0.944954128440367,-0.013761467889908258,-0.48623853211009177,0.013761467889908258,-0.7293577981651376,0.01834862385321101,-0.8807339449541285,0.013761467889908258,-1.0,0.07339449541284404,-0.43577981651376146,-0.09174311926605505,-0.555045871559633,-0.21100917431192662,-0.44954128440366975,-0.27522935779816515,-0.3623853211009174,0.11467889908256881,-0.3669724770642202,-0.05045871559633028,-0.42660550458715596,-0.15137614678899083,-0.3577981651376147,-0.2018348623853211,-0.2889908256880734
1,0.0,0.0,-0.2393617021276596,-0.0851063829787234,-0.3776595744680851,-0.18617021276595744,-0.4734042553191489,-0.2553191489361702,-0.5638297872340425,-0.3351063829787234,-0.2393617021276596,-0.4521276595744681,-0.2872340425531915,-0.675531914893617,-0.30851063829787234,-0.8138297872340425,-0.3191489361702128,-0.9361702127659575,-0.1595744680851064,-0.4574468085106383,-0.23404255319148937,-0.6968085106382979,-0.28191489361702127,-0.8563829787234043,-0.30851063829787234,-1.0,-0.11702127659574468,-0.40425531914893614,-0.39893617021276595,-0.44148936170212766,-0.5053191489361702,-0.30851063829787234,-0.526595744680851,-0.2074468085106383,-0.11702127659574468,-0.30851063829787234,-0.35638297872340424,-0.31382978723404253,-0.4308510638297872,-0.22340425531914893,-0.44148936170212766,-0.15425531914893617
1,0.0,0.0,-0.24271844660194175,-0.12135922330097088,-0.3592233009708738,-0.25728155339805825,-0.4563106796116505,-0.3446601941747573,-0.558252427184466,-0.41262135922330095,-0.1553398058252427,-0.49029126213592233,-0.22815533980582525,-0.7087378640776699,-0.2669902912621359,-0.8592233009708737,-0.30097087378640774,-0.9805825242718447,-0.10679611650485436,-0.46116504854368934,-0.20388349514563106,-0.7135922330097088,-0.27184466019417475,-0.8689320388349514,-0.32524271844660196,-1.0,-0.10194174757281553,-0.3883495145631068,-0.4029126213592233,-0.470873786407767,-0.5048543689320388,-0.3592233009708738,-0.5242718446601942,-0.27184466019417475,-0.1553398058252427,-0.2815533980582524,-0.4029126213592233,-0.3300970873786408,-0.47572815533980584,-0.27184466019417475,-0.49029126213592233,-0.21844660194174756
1,0.0,0.0,-0.23834196891191708,-0.10362694300518134,-0.3626943005181347,-0.21243523316062177,-0.45077720207253885,-0.2849740932642487,-0.49740932642487046,-0.31088082901554404,-0.21761658031088082,-0.5077720207253886,-0.2694300518134715,-0.7150259067357513,-0.30569948186528495,-0.8549222797927462,-0.33678756476683935,-0.9792746113989638,-0.11398963730569948,-0.48704663212435234,-0.16062176165803108,-0.7150259067357513,-0.19689119170984457,-0.8652849740932642,-0.23834196891191708,-1.0,-0.03626943005181347,-0.41450777202072536,-0.2694300518134715,-0.45077720207253885,-0.39378238341968913,-0.3316062176165803,-0.45077720207253885,-0.24352331606217617,-0.015544041450777202,-0.3005181347150259,-0.22279792746113988,-0.30569948186528495,-0.3160621761658031,-0.23316062176165803,-0.3626943005181347,-0.17616580310880828
1,0.0,0.0,-0.26582278481012656,-0.08860759493670886,-0.4177215189873418,-0.18354430379746836,-0.5253164556962026,-0.23417721518987342,-0.6075949367088608,-0.23417721518987342,-0.33544303797468356,-0.5063291139240507,-0.44936708860759494,-0.7278481012658228,-0.5379746835443038,-0.8607594936708861,-0.6139240506329114,-0.9873417721518988,-0.1962025316455696,-0.5,-0.2468354430379747,-0.7215189873417721,-0.2911392405063291,-0.8734177215189873,-0.33544303797468356,-1.0,-0.08860759493670886,-0.4240506329113924,-0.33544303797468356,-0.3987341772151899,-0.4620253164556962,-0.2721518987341772,-0.5253164556962026,-0.18354430379746836,-0.04430379746835443,-0.2911392405063291,-0.25949367088607594,-0.25949367088607594,-0.35443037974683544,-0.189873417721519,-0.4050632911392405,-0.13924050632911392
1,0.0,0.0,-0.13106796116504854,-0.11165048543689321,-0.21844660194174756,-0.2815533980582524,-0.1553398058252427,-0.3786407766990291,-0.02912621359223301,-0.4077669902912621,-0.07281553398058252,-0.5388349514563107,-0.0970873786407767,-0.7427184466019418,-0.10194174757281553,-0.8737864077669902,-0.10679611650485436,-0.9902912621359223,0.05339805825242718,-0.5194174757281553,0.11165048543689321,-0.7378640776699029,0.1407766990291262,-0.883495145631068,0.16990291262135923,-1.0,0.15048543689320387,-0.44660194174757284,0.10679611650485436,-0.5145631067961165,0.038834951456310676,-0.4029126213592233,0.0,-0.3106796116504854,0.21359223300970873,-0.34951456310679613,0.1650485436893204,-0.4077669902912621,0.0970873786407767,-0.3446601941747573,0.05825242718446602,-0.2815533980582524
1,0.0,0.0,-0.16161616161616163,-0.1111111111111111,-0.25252525252525254,-0.22727272727272727,-0.30808080808080807,-0.29797979797979796,-0.3383838383838384,-0.3333333333333333,-0.13131313131313133,-0.5,-0.16666666666666666,-0.7222222222222222,-0.18686868686868688,-0.8585858585858586,-0.1919191919191919,-0.9797979797979798,-0.010101010101010102,-0.4797979797979798,-0.005050505050505051,-0.7121212121212122,0.0,-0.8686868686868687,0.005050505050505051,-1.0,0.08080808080808081,-0.41414141414141414,-0.1111111111111111,-0.4797979797979798,-0.21717171717171718,-0.35858585858585856,-0.2676767676767677,-0.26262626262626265,0.12121212121212122,-0.3181818181818182,-0.06060606060606061,-0.3434343434343434,-0.16161616161616163,-0.2777777777777778,-0.21212121212121213,-0.21717171717171718
2,0.0,0.0,-0.24347826086956523,-0.16521739130434782,-0.4434782608695652,-0.4,-0.5565217391304348,-0.6260869565217392,-0.6521739130434783,-0.7739130434782608,-0.4434782608695652,-0.2956521739130435,-0.5478260869565217,-0.5565217391304348,-0.6086956521739131,-0.7652173913043478,-0.6608695652173913,-0.9391304347826087,-0.2782608695652174,-0.2608695652173913,-0.3391304347826087,-0.5478260869565217,-0.3739130434782609,-0.8,-0.4,-1.0,-0.06086956521739131,-0.25217391304347825,-0.10434782608695652,-0.5217391304347826,-0.1391304347826087,-0.7565217391304347,-0.1826086956521739,-0.9391304347826087,0.16521739130434782,-0.26956521739130435,0.14782608695652175,-0.4782608695652174,0.10434782608695652,-0.6347826086956522,0.06086956521739131,-0.7739130434782608
2,0.0,0.0,-0.4225352112676056,0.1267605633802817,-0.8028169014084507,0.43661971830985913,-0.9859154929577465,0.7323943661971831,-1.0,0.9859154929577465,-0.7323943661971831,0.4647887323943662,-0.9154929577464789,0.7605633802816901,-0.9295774647887324,0.9154929577464789,-0.9014084507042254,1.0,-0.4647887323943662,0.4647887323943662,-0.5633802816901409,0.7183098591549296,-0.5915492957746479,0.8873239436619719,-0.5492957746478874,0.9436619718309859,-0.15492957746478872,0.43661971830985913,-0.22535211267605634,0.704225352112676,-0.23943661971830985,0.8591549295774648,-0.2676056338028169,0.9577464788732394,0.14084507042253522,0.4225352112676056,0.14084507042253522,0.676056338028169,0.15492957746478872,0.8309859154929577,0.1267605633802817,0.9295774647887324
2,0.0,0.0,-0.21296296296296297,-0.17592592592592593,-0.35185185185185186,-0.42592592592592593,-0.4074074074074074,-0.6574074074074074,-0.5185185185185185,-0.7870370370370371,-0.3055555555555556,-0.32407407407407407,-0.26851851851851855,-0.6111111111111112,-0.23148148148148148,-0.8148148148148148,-0.19444444444444445,-0.9907407407407407,-0.07407407407407407,-0.26851851851851855,-0.027777777777777776,-0.5925925925925926,0.0,-0.8148148148148148,0.018518518518518517,-1.0,0.1574074074074074,-0.2222222222222222,0.2037037037037037,-0.5185185185185185,0.2222222222222222,-0.7314814814814815,0.2222222222222222,-0.8981481481481481,0.37037037037037035,-0.17592592592592593,0.4074074074074074,-0.39814814814814814,0.4074074074074074,-0.5462962962962963,0.39814814814814814,-0.6851851851851852
2,0.0,0.0,-0.22448979591836735,-0.23469387755102042,-0.2653061224489796,-0.46938775510204084,-0.15306122448979592,-0.6632653061224489,-0.04081632653061224,-0.7653061224489796,0.07142857142857142,-0.3877551020408163,0.32653061224489793,-0.5918367346938775,0.5,-0.7755102040816326,0.6428571428571429,-0.9081632653061225,0.2857142857142857,-0.2755102040816326,0.5714285714285714,-0.5306122448979592,0.7653061224489796,-0.7448979591836735,0.9081632653061225,-0.9183673469387755,0.4387755102040816,-0.21428571428571427,0.7142857142857143,-0.45918367346938777,0.8775510204081632,-0.6530612244897959,1.0,-0.7959183673469388,0.5306122448979592,-0.20408163265306123,0.7551020408163265,-0.3979591836734694,0.8877551020408163,-0.5408163265306123,0.9795918367346939,-0.673469387755102
2,0.0,0.0,-0.09734513274336283,-0.1592920353982301,-0.061946902654867256,-0.3008849557522124,0.061946902654867256,-0.3893805309734513,0.19469026548672566,-0.40707964601769914,0.2831858407079646,-0.10619469026548672,0.5221238938053098,-0.10619469026548672,0.6991150442477876,-0.09734513274336283,0.8584070796460177,-0.07964601769911504,0.39823008849557523,-0.07079646017699115,0.6460176991150443,-0.07964601769911504,0.8407079646017699,-0.07964601769911504,1.0,-0.07079646017699115,0.46017699115044247,-0.07079646017699115,0.672566371681416,-0.09734513274336283,0.831858407079646,-0.10619469026548672,0.9646017699115044,-0.08849557522123894,0.4778761061946903,-0.11504424778761062,0.6548672566371682,-0.1415929203539823,0.7699115044247787,-0.1415929203539823,0.8761061946902655,-0.13274336283185842
2,0.0,0.0,-0.16923076923076924,-0.19230769230769232,-0.2230769230769231,-0.3923076923076923,-0.16153846153846155,-0.5923076923076923,-0.11538461538461539,-0.7384615384615385,-0.007692307692307693,-0.4461538461538462,0.13846153846153847,-0.7461538461538462,0.2153846153846154,-0.9076923076923077,0.26153846153846155,-1.0,0.16923076923076924,-0.3923076923076923,0.3076923076923077,-0.7230769230769231,0.3769230769230769,-0.8692307692307693,0.4153846153846154,-0.9538461538461539,0.3076923076923077,-0.3230769230769231,0.4307692307692308,-0.6230769230769231,0.49230769230769234,-0.7692307692307693,0.5230769230769231,-0.8769230769230769,0.4230769230769231,-0.24615384615384617,0.5230769230769231,-0.47692307692307695,0.5615384615384615,-0.6,0.5846153846153846,-0.7
2,0.0,0.0,-0.23076923076923078,-0.15384615384615385,-0.39316239316239315,-0.36752136752136755,-0.4358974358974359,-0.5897435897435898,-0.4444444444444444,-0.7521367521367521,-0.27350427350427353,-0.36752136752136755,-0.3076923076923077,-0.6324786324786325,-0.3418803418803419,-0.7863247863247863,-0.36752136752136755,-0.9145299145299145,-0.06837606837606838,-0.3504273504273504,-0.08547008547008547,-0.6410256410256411,-0.1111111111111111,-0.8376068376068376,-0.1111111111111111,-1.0,0.13675213675213677,-0.3162393162393162,0.13675213675213677,-0.5897435897435898,0.11965811965811966,-0.7777777777777778,0.10256410256410256,-0.9487179487179487,0.3247863247863248,-0.28205128205128205,0.3418803418803419,-0.5042735042735043,0.3162393162393162,-0.6581196581196581,0.2905982905982906,-0.811965811965812
2,0.0,0.0,-0.16470588235294117,-0.1411764705882353,-0.22941176470588234,-0.3352941176470588,-0.19411764705882353,-0.5117647058823529,-0.1588235294117647,-0.6470588235294118,-0.13529411764705881,-0.4294117647058823,-0.01764705882352941,-0.7176470588235294,0.058823529411764705,-0.8647058823529412,0.11764705882352941,-0.9705882352941176,0.0,-0.38823529411764707,0.11764705882352941,-0.7058823529411765,0.18235294117647058,-0.8823529411764706,0.2235294117647059,-1.0,0.13529411764705881,-0.32941176470588235,0.23529411764705882,-0.6294117647058823,0.2823529411764706,-0.8,0.3058823529411765,-0.9294117647058824,0.2529411764705882,-0.2647058823529412,0.3235294117647059,-0.5117647058823529,0.34705882352941175,-0.6470588235294118,0.3588235294117647,-0.7529411764705882
2,0.0,0.0,-0.15584415584415584,-0.17532467532467533,-0.21428571428571427,-0.38311688311688313,-0.16883116883116883,-0.577922077922078,-0.12987012987012986,-0.7207792207792207,-0.08441558441558442,-0.487012987012987,0.045454545454545456,-0.7597402597402597,0.13636363636363635,-0.8961038961038961,0.21428571428571427,-0.9805194805194806,0.05844155844155844,-0.43506493506493504,0.17532467532467533,-0.7402597402597403,0.2662337662337662,-0.8961038961038961,0.33116883116883117,-1.0,0.19480519480519481,-0.37012987012987014,0.2857142857142857,-0.6493506493506493,0.35064935064935066,-0.7987012987012987,0.4025974025974026,-0.9090909090909091,0.3116883116883117,-0.2857142857142857,0.37012987012987014,-0.512987012987013,0.4025974025974026,-0.6298701298701299,0.43506493506493504,-0.7142857142857143
2,0.0,0.0,-0.16352201257861634,-0.18867924528301888,-0.16981132075471697,-0.389937106918239,-0.06918238993710692,-0.5660377358490566,0.006289308176100629,-0.6981132075471698,0.050314465408805034,-0.44025157232704404,0.22641509433962265,-0.7232704402515723,0.32075471698113206,-0.8805031446540881,0.4025157232704403,-1.0,0.20125786163522014,-0.37735849056603776,0.3584905660377358,-0.6855345911949685,0.4528301886792453,-0.8679245283018868,0.5220125786163522,-1.0,0.3081761006289308,-0.3018867924528302,0.44025157232704404,-0.5974842767295597,0.5157232704402516,-0.779874213836478,0.5723270440251572,-0.9119496855345912,0.3836477987421384,-0.22641509433962265,0.49056603773584906,-0.44654088050314467,0.5471698113207547,-0.5786163522012578,0.5911949685534591,-0.6918238993710691
2,0.0,0.0,-0.08791208791208792,-0.0989010989010989,-0.0989010989010989,-0.14285714285714285,-0.0989010989010989,-0.06593406593406594,-0.12087912087912088,0.0989010989010989,0.24175824175824176,0.12087912087912088,0.42857142857142855,0.23076923076923078,0.5714285714285714,0.31868131868131866,0.7032967032967034,0.37362637362637363,0.37362637362637363,0.14285714285714285,0.6153846153846154,0.25274725274725274,0.8021978021978022,0.3516483516483517,0.9560439560439561,0.43956043956043955,0.45054945054945056,0.14285714285714285,0.6923076923076923,0.24175824175824176,0.8571428571428571,0.3076923076923077,1.0,0.3956043956043956,0.4945054945054945,0.12087912087912088,0.6813186813186813,0.2087912087912088,0.8241758241758241,0.26373626373626374,0.945054945054945,0.32967032967032966
2,0.0,0.0,-0.11811023622047244,-0.15748031496062992,-0.09448818897637795,-0.28346456692913385,0.023622047244094488,-0.30708661417322836,0.12598425196850394,-0.2204724409448819,0.30708661417322836,-0.12598425196850394,0.49606299212598426,-0.12598425196850394,0.6535433070866141,-0.07874015748031496,0.7874015748031497,-0.023622047244094488,0.4330708661417323,-0.11023622047244094,0.6929133858267716,-0.13385826771653545,0.8661417322834646,-0.10236220472440945,1.0,-0.03937007874015748,0.5039370078740157,-0.11023622047244094,0.7401574803149606,-0.14960629921259844,0.8818897637795275,-0.11023622047244094,0.9921259842519685,-0.047244094488188976,0.5275590551181102,-0.13385826771653545,0.7244094488188977,-0.14960629921259844,0.8503937007874016,-0.12598425196850394,0.937007874015748,-0.08661417322834646
2,0.0,0.0,-0.1171875,-0.2421875,-0.046875,-0.4453125,0.1328125,-0.6015625,0.265625,-0.734375,0.3203125,-0.453125,0.5390625,-0.734375,0.671875,-0.890625,0.7890625,-1.0,0.453125,-0.359375,0.671875,-0.671875,0.8046875,-0.8515625,0.9140625,-0.9921875,0.5234375,-0.2890625,0.7265625,-0.5703125,0.84375,-0.7421875,0.9375,-0.875,0.546875,-0.2578125,0.7109375,-0.4609375,0.8125,-0.6015625,0.8828125,-0.7109375
2,0.0,0.0,0.22641509433962265,-0.1792452830188679,0.29245283018867924,-0.3490566037735849,0.25471698113207547,-0.4716981132075472,0.16037735849056603,-0.5566037735849056,-0.10377358490566038,-0.1320754716981132,-0.2830188679245283,-0.09433962264150944,-0.4528301886792453,-0.0660377358490566,-0.6226415094339622,-0.018867924528301886,-0.3018867924528302,-0.0660377358490566,-0.5283018867924528,-0.05660377358490566,-0.7264150943396226,-0.04716981132075472,-0.8962264150943396,-0.009433962264150943,-0.4339622641509434,-0.05660377358490566,-0.6698113207547169,-0.07547169811320754,-0.839622641509434,-0.10377358490566038,-1.0,-0.10377358490566038,-0.5094339622641509,-0.0660377358490566,-0.6981132075471698,-0.12264150943396226,-0.8584905660377359,-0.1509433962264151,-0.9811320754716981,-0.16981132075471697
2,0.0,0.0,0.15625,-0.16875,0.225,-0.34375,0.2125,-0.5125,0.15625,-0.65625,0.03125,-0.4375,-0.09375,-0.71875,-0.16875,-0.86875,-0.23125,-0.9875,-0.1,-0.38125,-0.225,-0.68125,-0.3,-0.8625,-0.35,-1.0,-0.21875,-0.3125,-0.31875,-0.5875,-0.375,-0.7625,-0.4125,-0.89375,-0.3125,-0.25,-0.38125,-0.46875,-0.41875,-0.6,-0.45,-0.70625
2,0.0,0.0,0.15333333333333332,-0.22,0.26666666666666666,-0.43333333333333335,0.29333333333333333,-0.6266666666666667,0.29333333333333333,-0.78,0.12,-0.4866666666666667,0.05333333333333334,-0.7333333333333333,0.006666666666666667,-0.88,-0.03333333333333333,-1.0,-0.02666666666666667,-0.44666666666666666,-0.1,-0.7066666666666667,-0.14,-0.86,-0.16,-0.9733333333333334,-0.17333333333333334,-0.3933333333333333,-0.22666666666666666,-0.64,-0.26666666666666666,-0.7933333333333333,-0.2866666666666667,-0.9066666666666666,-0.3,-0.3333333333333333,-0.3466666666666667,-0.5466666666666666,-0.35333333333333333,-0.6666666666666666,-0.35333333333333333,-0.7733333333333333
2,0.0,0.0,0.1744186046511628,-0.13953488372093023,0.26744186046511625,-0.3081395348837209,0.27325581395348836,-0.48255813953488375,0.27325581395348836,-0.6337209302325582,0.09302325581395349,-0.42441860465116277,0.011627906976744186,-0.7034883720930233,-0.040697674418604654,-0.8604651162790697,-0.08139534883720931,-0.9767441860465116,-0.040697674418604654,-0.38953488372093026,-0.11627906976744186,-0.6918604651162791,-0.1686046511627907,-0.872093023255814,-0.19767441860465115,-1.0,-0.1569767441860465,-0.3430232558139535,-0.22674418604651161,-0.6162790697674418,-0.26744186046511625,-0.7848837209302325,-0.28488372093023256,-0.9127906976744186,-0.2616279069767442,-0.27906976744186046,-0.313953488372093,-0.5,-0.3313953488372093,-0.627906976744186,-0.3430232558139535,-0.7383720930232558
2,0.0,0.0,0.15757575757575756,-0.18181818181818182,0.22424242424242424,-0.3696969696969697,0.20606060606060606,-0.5636363636363636,0.16363636363636364,-0.7212121212121212,-0.05454545454545454,-0.41818181818181815,-0.19393939393939394,-0.696969696969697,-0.2727272727272727,-0.8545454545454545,-0.3333333333333333,-0.9696969696969697,-0.2,-0.3696969696969697,-0.32727272727272727,-0.6787878787878788,-0.4121212121212121,-0.8606060606060606,-0.47878787878787876,-1.0,-0.3212121212121212,-0.3151515151515151,-0.41818181818181815,-0.6060606060606061,-0.48484848484848486,-0.7818181818181819,-0.5333333333333333,-0.9151515151515152,-0.40606060606060607,-0.26666666666666666,-0.46060606060606063,-0.509090909090909,-0.503030303030303,-0.6545454545454545,-0.5333333333333333,-0.7757575757575758
2,0.0,0.0,0.14465408805031446,-0.1949685534591195,0.20125786163522014,-0.389937106918239,0.18238993710691823,-0.5849056603773585,0.16981132075471697,-0.7484276729559748,-0.1069182389937107,-0.4591194968553459,-0.2641509433962264,-0.7358490566037735,-0.34591194968553457,-0.8867924528301887,-0.42138364779874216,-1.0,-0.25157232704402516,-0.39622641509433965,-0.39622641509433965,-0.6981132075471698,-0.49056603773584906,-0.8742138364779874,-0.559748427672956,-1.0,-0.3522012578616352,-0.3270440251572327,-0.46540880503144655,-0.6037735849056604,-0.5408805031446541,-0.7672955974842768,-0.5974842767295597,-0.8930817610062893,-0.41509433962264153,-0.27044025157232704,-0.49056603773584906,-0.49056603773584906,-0.5345911949685535,-0.6163522012578616,-0.5723270440251572,-0.7169811320754716
2,0.0,0.0,0.08771929824561403,-0.15204678362573099,0.07602339181286549,-0.2807017543859649,0.005847953216374269,-0.3742690058479532,-0.10526315789473684,-0.4444444444444444,-0.2982456140350877,-0.19298245614035087,-0.5321637426900585,-0.27485380116959063,-0.7076023391812866,-0.3157894736842105,-0.8654970760233918,-0.3333333333333333,-0.3742690058479532,-0.13450292397660818,-0.631578947368421,-0.22807017543859648,-0.8245614035087719,-0.28654970760233917,-1.0,-0.3157894736842105,-0.42105263157894735,-0.11695906432748537,-0.6432748538011696,-0.2046783625730994,-0.8011695906432749,-0.2631578947368421,-0.9415204678362573,-0.30994152046783624,-0.4327485380116959,-0.12280701754385964,-0.6081871345029239,-0.19883040935672514,-0.7426900584795322,-0.25146198830409355,-0.8538011695906432,-0.29239766081871343
2,0.0,0.0,0.09090909090909091,-0.16883116883116883,0.08441558441558442,-0.3051948051948052,0.006493506493506494,-0.4090909090909091,-0.11038961038961038,-0.474025974025974,-0.2857142857142857,-0.16233766233766234,-0.5,-0.2012987012987013,-0.6753246753246753,-0.22727272727272727,-0.8311688311688312,-0.24025974025974026,-0.38311688311688313,-0.09740259740259741,-0.6363636363636364,-0.14285714285714285,-0.8311688311688312,-0.18181818181818182,-1.0,-0.19480519480519481,-0.43506493506493504,-0.07142857142857142,-0.6493506493506493,-0.12987012987012986,-0.8181818181818182,-0.17532467532467533,-0.961038961038961,-0.2012987012987013,-0.461038961038961,-0.07142857142857142,-0.6298701298701299,-0.12987012987012986,-0.7662337662337663,-0.16883116883116883,-0.8766233766233766,-0.19480519480519481
2,0.0,0.0,0.02830188679245283,0.09433962264150944,-0.05660377358490566,0.25471698113207547,-0.18867924528301888,0.3867924528301887,-0.3113207547169811,0.4811320754716981,-0.2641509433962264,0.42452830188679247,-0.42452830188679247,0.6132075471698113,-0.5566037735849056,0.7264150943396226,-0.6698113207547169,0.8018867924528302,-0.42452830188679247,0.41509433962264153,-0.6320754716981132,0.6415094339622641,-0.7735849056603774,0.7735849056603774,-0.8962264150943396,0.8301886792452831,-0.5471698113207547,0.37735849056603776,-0.7641509433962265,0.5943396226415094,-0.8867924528301887,0.7169811320754716,-0.9811320754716981,0.8207547169811321,-0.6132075471698113,0.3113207547169811,-0.8018867924528302,0.46226415094339623,-0.9150943396226415,0.5566037735849056,-1.0,0.6226415094339622
2,0.0,0.0,0.18840579710144928,-0.17391304347826086,0.2898550724637681,-0.36231884057971014,0.3188405797101449,-0.5507246376811594,0.34057971014492755,-0.7028985507246377,0.028985507246376812,-0.427536231884058,-0.07971014492753623,-0.6884057971014492,-0.13768115942028986,-0.8478260869565217,-0.18115942028985507,-0.9782608695652174,-0.13043478260869565,-0.38405797101449274,-0.2246376811594203,-0.6666666666666666,-0.26811594202898553,-0.8478260869565217,-0.2971014492753623,-1.0,-0.2608695652173913,-0.34057971014492755,-0.32608695652173914,-0.6086956521739131,-0.3695652173913043,-0.7898550724637681,-0.391304347826087,-0.9347826086956522,-0.34782608695652173,-0.3115942028985507,-0.39855072463768115,-0.5362318840579711,-0.42028985507246375,-0.6739130434782609,-0.4420289855072464,-0.8043478260869565
2,0.0,0.0,0.16129032258064516,-0.15483870967741936,0.24516129032258063,-0.32903225806451614,0.2838709677419355,-0.5096774193548387,0.3161290322580645,-0.6516129032258065,0.01935483870967742,-0.4774193548387097,-0.07096774193548387,-0.7354838709677419,-0.11612903225806452,-0.8774193548387097,-0.14838709677419354,-0.9870967741935484,-0.10967741935483871,-0.44516129032258067,-0.1870967741935484,-0.7225806451612903,-0.22580645161290322,-0.8838709677419355,-0.25161290322580643,-1.0,-0.2064516129032258,-0.4,-0.2645161290322581,-0.6387096774193548,-0.2903225806451613,-0.7870967741935484,-0.2967741935483871,-0.8903225806451613,-0.2709677419354839,-0.34838709677419355,-0.2967741935483871,-0.5419354838709678,-0.2967741935483871,-0.6451612903225806,-0.2967741935483871,-0.7225806451612903
3,0.0,0.0,-0.12307692307692308,0.007692307692307693,-0.2,0.06153846153846154,-0.3076923076923077,0.14615384615384616,-0.38461538461538464,0.26153846153846155,0.2076923076923077,0.2692307692307692,0.4076923076923077,0.35384615384615387,0.5615384615384615,0.36923076923076925,0.7153846153846154,0.35384615384615387,0.34615384615384615,0.2230769230769231,0.5923076923076923,0.2692307692307692,0.7769230769230769,0.25384615384615383,0.9538461538461539,0.2230769230769231,0.4461538461538462,0.16923076923076924,0.6692307692307692,0.2076923076923077,0.8461538461538461,0.2076923076923077,1.0,0.18461538461538463,0.5,0.11538461538461539,0.6692307692307692,0.17692307692307693,0.7846153846153846,0.2,0.8923076923076924,0.2076923076923077
3,0.0,0.0,-0.10869565217391304,-0.2463768115942029,-0.32608695652173914,-0.42028985507246375,-0.5217391304347826,-0.5217391304347826,-0.6594202898550725,-0.6231884057971014,-0.39855072463768115,-0.2826086956521739,-0.644927536231884,-0.2028985507246377,-0.8043478260869565,-0.13768115942028986,-0.927536231884058,-0.06521739130434782,-0.38405797101449274,-0.10144927536231885,-0.6666666666666666,0.0,-0.855072463768116,0.07246376811594203,-1.0,0.13768115942028986,-0.36231884057971014,0.057971014492753624,-0.6376811594202898,0.13768115942028986,-0.8115942028985508,0.2028985507246377,-0.9492753623188406,0.2608695652173913,-0.3333333333333333,0.2028985507246377,-0.5652173913043478,0.2536231884057971,-0.7101449275362319,0.2971014492753623,-0.8260869565217391,0.3333333333333333
3,0.0,0.0,-0.2222222222222222,0.046296296296296294,-0.3888888888888889,0.12037037037037036,-0.5740740740740741,0.2037037037037037,-0.7407407407407407,0.2962962962962963,0.07407407407407407,0.3148148148148148,0.28703703703703703,0.3888888888888889,0.46296296296296297,0.39814814814814814,0.6481481481481481,0.37962962962962965,0.2777777777777778,0.25,0.5462962962962963,0.2962962962962963,0.7592592592592593,0.28703703703703703,0.9629629629629629,0.25,0.4166666666666667,0.16666666666666666,0.6574074074074074,0.2037037037037037,0.8333333333333334,0.2037037037037037,1.0,0.18518518518518517,0.49074074074074076,0.08333333333333333,0.6666666666666666,0.12962962962962962,0.8055555555555556,0.12962962962962962,0.9444444444444444,0.1388888888888889
3,0.0,0.0,-0.09316770186335403,-0.2236024844720497,-0.2857142857142857,-0.36645962732919257,-0.4782608695652174,-0.4472049689440994,-0.6086956521739131,-0.5341614906832298,-0.37888198757763975,-0.2546583850931677,-0.6149068322981367,-0.20496894409937888,-0.7763975155279503,-0.16770186335403728,-0.9130434782608695,-0.13043478260869565,-0.38509316770186336,-0.09316770186335403,-0.6521739130434783,-0.037267080745341616,-0.84472049689441,0.0,-1.0,0.024844720496894408,-0.37267080745341613,0.062111801242236024,-0.6335403726708074,0.09316770186335403,-0.8136645962732919,0.12422360248447205,-0.968944099378882,0.14285714285714285,-0.34782608695652173,0.19254658385093168,-0.5527950310559007,0.2111801242236025,-0.6956521739130435,0.22981366459627328,-0.8260869565217391,0.2422360248447205
3,0.0,0.0,0.2191780821917808,-0.07534246575342465,0.4315068493150685,-0.0821917808219178,0.5821917808219178,-0.08904109589041095,0.7123287671232876,-0.11643835616438356,0.5684931506849316,0.07534246575342465,0.7602739726027398,-0.00684931506849315,0.8835616438356164,-0.0958904109589041,0.9794520547945206,-0.1780821917808219,0.5342465753424658,0.0821917808219178,0.7534246575342466,-0.0273972602739726,0.8904109589041096,-0.11643835616438356,1.0,-0.2054794520547945,0.4726027397260274,0.04794520547945205,0.6917808219178082,-0.0547945205479452,0.821917808219178,-0.136986301369863,0.9383561643835616,-0.2191780821917808,0.3698630136986301,-0.00684931506849315,0.5342465753424658,-0.0547945205479452,0.6438356164383562,-0.10273972602739725,0.7534246575342466,-0.1506849315068493
3,0.0,0.0,-0.054878048780487805,-0.21951219512195122,-0.2073170731707317,-0.36585365853658536,-0.3780487804878049,-0.45121951219512196,-0.5304878048780488,-0.5304878048780488,-0.3170731707317073,-0.2804878048780488,-0.573170731707317,-0.27439024390243905,-0.75,-0.2682926829268293,-0.8963414634146342,-0.2682926829268293,-0.34146341463414637,-0.11585365853658537,-0.6219512195121951,-0.11585365853658537,-0.8292682926829268,-0.10975609756097561,-1.0,-0.11585365853658537,-0.34146341463414637,0.036585365853658534,-0.6036585365853658,0.036585365853658534,-0.8048780487804879,0.03048780487804878,-0.9695121951219512,0.018292682926829267,-0.32926829268292684,0.17682926829268292,-0.5304878048780488,0.17073170731707318,-0.6829268292682927,0.16463414634146342,-0.8170731707317073,0.1524390243902439
3,0.0,0.0,0.21014492753623187,0.036231884057971016,0.4420289855072464,0.021739130434782608,0.6014492753623188,-0.014492753623188406,0.7246376811594203,-0.06521739130434782,0.6014492753623188,0.10144927536231885,0.7898550724637681,-0.021739130434782608,0.9057971014492754,-0.12318840579710146,0.9927536231884058,-0.21739130434782608,0.5579710144927537,0.07971014492753623,0.7608695652173914,-0.057971014492753624,0.8985507246376812,-0.16666666666666666,1.0,-0.2608695652173913,0.47101449275362317,0.036231884057971016,0.6811594202898551,-0.07971014492753623,0.8188405797101449,-0.17391304347826086,0.9202898550724637,-0.2608695652173913,0.35507246376811596,-0.043478260869565216,0.5,-0.13043478260869565,0.6086956521739131,-0.18115942028985507,0.717391304347826,-0.2318840579710145
3,0.0,0.0,-0.09375,-0.2125,-0.2625,-0.375,-0.40625,-0.51875,-0.5125,-0.65,-0.30625,-0.325,-0.56875,-0.41875,-0.74375,-0.475,-0.8875,-0.525,-0.3375,-0.1875,-0.6125,-0.28125,-0.83125,-0.35,-1.0,-0.40625,-0.35625,-0.0375,-0.625,-0.125,-0.81875,-0.19375,-0.96875,-0.2625,-0.35625,0.11875,-0.5625,0.05625,-0.70625,-0.00625,-0.83125,-0.06875
3,0.0,0.0,-0.07692307692307693,-0.06293706293706294,-0.15384615384615385,-0.14685314685314685,-0.25874125874125875,-0.20279720279720279,-0.36363636363636365,-0.22377622377622378,0.22377622377622378,0.013986013986013986,0.4825174825174825,-0.03496503496503497,0.7062937062937062,-0.1048951048951049,0.8881118881118881,-0.16783216783216784,0.32167832167832167,0.04195804195804196,0.6083916083916084,-0.027972027972027972,0.8251748251748252,-0.1048951048951049,1.0,-0.18181818181818182,0.38461538461538464,0.04895104895104895,0.6363636363636364,-0.013986013986013986,0.8251748251748252,-0.0979020979020979,0.9790209790209791,-0.16783216783216784,0.40559440559440557,0.02097902097902098,0.5804195804195804,-0.04195804195804196,0.7202797202797203,-0.1048951048951049,0.8391608391608392,-0.14685314685314685
3,0.0,0.0,-0.0962962962962963,-0.23703703703703705,-0.28888888888888886,-0.45185185185185184,-0.45185185185185184,-0.6296296296296297,-0.5555555555555556,-0.7777777777777778,-0.2962962962962963,-0.4074074074074074,-0.5555555555555556,-0.5185185185185185,-0.725925925925926,-0.5851851851851851,-0.8740740740740741,-0.6444444444444445,-0.3333333333333333,-0.24444444444444444,-0.6222222222222222,-0.34814814814814815,-0.8296296296296296,-0.43703703703703706,-1.0,-0.5111111111111111,-0.362962962962963,-0.06666666666666667,-0.6518518518518519,-0.15555555555555556,-0.837037037037037,-0.24444444444444444,-0.9851851851851852,-0.32592592592592595,-0.3851851851851852,0.1111111111111111,-0.6074074074074074,0.05185185185185185,-0.7481481481481481,-0.007407407407407408,-0.8740740740740741,-0.08148148148148149
3,0.0,0.0,-0.10967741935483871,-0.16129032258064516,-0.16774193548387098,-0.2645161290322581,-0.1870967741935484,-0.33548387096774196,-0.22580645161290322,-0.38064516129032255,0.23225806451612904,-0.18064516129032257,0.49032258064516127,-0.23225806451612904,0.6709677419354839,-0.2967741935483871,0.8258064516129032,-0.36129032258064514,0.3548387096774194,-0.10967741935483871,0.6387096774193548,-0.22580645161290322,0.832258064516129,-0.32903225806451614,1.0,-0.432258064516129,0.4258064516129032,-0.09032258064516129,0.6645161290322581,-0.2064516129032258,0.8387096774193549,-0.3161290322580645,0.9806451612903225,-0.4,0.45161290322580644,-0.12258064516129032,0.632258064516129,-0.2129032258064516,0.7548387096774194,-0.2967741935483871,0.8709677419354839,-0.36129032258064514
3,0.0,0.0,-0.12962962962962962,-0.3148148148148148,-0.3148148148148148,-0.6018518518518519,-0.4722222222222222,-0.8148148148148148,-0.5462962962962963,-1.0,-0.24074074074074073,-0.4722222222222222,-0.3888888888888889,-0.5370370370370371,-0.5,-0.5277777777777778,-0.5925925925925926,-0.5277777777777778,-0.28703703703703703,-0.26851851851851855,-0.4444444444444444,-0.2777777777777778,-0.5648148148148148,-0.2962962962962963,-0.6666666666666666,-0.3148148148148148,-0.32407407407407407,-0.06481481481481481,-0.5,-0.07407407407407407,-0.6203703703703703,-0.09259259259259259,-0.7222222222222222,-0.12962962962962962,-0.3611111111111111,0.12962962962962962,-0.5277777777777778,0.1111111111111111,-0.6203703703703703,0.08333333333333333,-0.6944444444444444,0.05555555555555555
3,0.0,0.0,-0.045714285714285714,-0.06857142857142857,-0.03428571428571429,-0.09142857142857143,-0.011428571428571429,-0.08571428571428572,0.03428571428571429,-0.04,0.36,0.017142857142857144,0.5828571428571429,0.022857142857142857,0.7371428571428571,0.011428571428571429,0.8857142857142857,-0.017142857142857144,0.4228571428571429,0.011428571428571429,0.6628571428571428,0.0,0.8457142857142858,-0.03428571428571429,1.0,-0.06857142857142857,0.44571428571428573,-0.011428571428571429,0.6685714285714286,-0.017142857142857144,0.8285714285714286,-0.05142857142857143,0.9714285714285714,-0.08,0.45714285714285713,-0.04,0.6285714285714286,-0.03428571428571429,0.7542857142857143,-0.045714285714285714,0.8685714285714285,-0.05714285714285714
3,0.0,0.0,-0.011235955056179775,-0.34831460674157305,-0.2247191011235955,-0.6404494382022472,-0.42696629213483145,-0.8314606741573034,-0.550561797752809,-1.0,-0.43820224719101125,-0.43820224719101125,-0.449438202247191,-0.34831460674157305,-0.449438202247191,-0.2247191011235955,-0.449438202247191,-0.06741573033707865,-0.4943820224719101,-0.1797752808988764,-0.4943820224719101,-0.0449438202247191,-0.5056179775280899,0.056179775280898875,-0.4943820224719101,0.14606741573033707,-0.5056179775280899,0.033707865168539325,-0.5168539325842697,0.1348314606741573,-0.5393258426966292,0.2247191011235955,-0.5280898876404494,0.30337078651685395,-0.48314606741573035,0.21348314606741572,-0.550561797752809,0.30337078651685395,-0.550561797752809,0.38202247191011235,-0.550561797752809,0.42696629213483145
3,0.0,0.0,-0.049689440993788817,-0.006211180124223602,-0.049689440993788817,0.037267080745341616,-0.012422360248447204,0.10559006211180125,0.018633540372670808,0.20496894409937888,0.32919254658385094,0.16770186335403728,0.546583850931677,0.2236024844720497,0.7142857142857143,0.2236024844720497,0.8695652173913043,0.2111801242236025,0.40993788819875776,0.13664596273291926,0.6459627329192547,0.17391304347826086,0.8322981366459627,0.16770186335403728,1.0,0.14906832298136646,0.453416149068323,0.09937888198757763,0.6708074534161491,0.13664596273291926,0.8385093167701864,0.13043478260869565,0.9813664596273292,0.11801242236024845,0.4658385093167702,0.06832298136645963,0.639751552795031,0.10559006211180125,0.7701863354037267,0.11801242236024845,0.8881987577639752,0.11801242236024845
3,0.0,0.0,-0.09210526315789473,-0.40789473684210525,-0.34210526315789475,-0.6973684210526315,-0.5921052631578947,-0.8552631578947368,-0.75,-1.0,-0.47368421052631576,-0.3684210526315789,-0.6578947368421053,-0.17105263157894737,-0.75,0.0,-0.8289473684210527,0.17105263157894737,-0.47368421052631576,-0.06578947368421052,-0.6578947368421053,0.13157894736842105,-0.7763157894736842,0.27631578947368424,-0.881578947368421,0.4342105263157895,-0.47368421052631576,0.17105263157894737,-0.6578947368421053,0.3026315789473684,-0.7763157894736842,0.4342105263157895,-0.881578947368421,0.5657894736842105,-0.4473684210526316,0.34210526315789475,-0.631578947368421,0.4605263157894737,-0.7236842105263158,0.5657894736842105,-0.8157894736842105,0.6447368421052632
3,0.0,0.0,-0.0979020979020979,0.013986013986013986,-0.13986013986013987,0.07692307692307693,-0.1258741258741259,0.16783216783216784,-0.11188811188811189,0.2867132867132867,0.26573426573426573,0.2517482517482518,0.46153846153846156,0.34265734265734266,0.6223776223776224,0.3706293706293706,0.7692307692307693,0.3706293706293706,0.38461538461538464,0.2097902097902098,0.6013986013986014,0.2867132867132867,0.7762237762237763,0.3006993006993007,0.9370629370629371,0.3006993006993007,0.46153846153846156,0.16783216783216784,0.6783216783216783,0.23076923076923078,0.8461538461538461,0.24475524475524477,1.0,0.24475524475524477,0.4965034965034965,0.1258741258741259,0.6783216783216783,0.18181818181818182,0.8111888111888111,0.2097902097902098,0.9300699300699301,0.21678321678321677
3,0.0,0.0,-0.11475409836065574,-0.27049180327868855,-0.319672131147541,-0.4262295081967213,-0.5327868852459017,-0.4672131147540984,-0.6967213114754098,-0.5491803278688525,-0.5655737704918032,-0.18032786885245902,-0.7868852459016393,-0.02459016393442623,-0.9180327868852459,0.09016393442622951,-1.0,0.1885245901639344,-0.5409836065573771,0.01639344262295082,-0.7622950819672131,0.18032786885245902,-0.8934426229508197,0.28688524590163933,-0.9754098360655737,0.3770491803278688,-0.5081967213114754,0.1721311475409836,-0.7049180327868853,0.28688524590163933,-0.8278688524590164,0.36065573770491804,-0.9098360655737705,0.4180327868852459,-0.4426229508196721,0.2786885245901639,-0.6147540983606558,0.3442622950819672,-0.7131147540983607,0.39344262295081966,-0.8032786885245902,0.4262295081967213
3,0.0,0.0,-0.19298245614035087,0.05263157894736842,-0.30701754385964913,0.19298245614035087,-0.37719298245614036,0.35964912280701755,-0.43859649122807015,0.5175438596491229,0.13157894736842105,0.4473684210526316,0.35964912280701755,0.5964912280701754,0.543859649122807,0.6491228070175439,0.7280701754385965,0.6754385964912281,0.30701754385964913,0.38596491228070173,0.5526315789473685,0.5087719298245614,0.7456140350877193,0.5263157894736842,0.9385964912280702,0.5263157894736842,0.42105263157894735,0.3157894736842105,0.6578947368421053,0.4298245614035088,0.8333333333333334,0.45614035087719296,1.0,0.4649122807017544,0.49122807017543857,0.23684210526315788,0.6842105263157895,0.3508771929824561,0.8333333333333334,0.40350877192982454,0.9824561403508771,0.4298245614035088
3,0.0,0.0,-0.08783783783783784,-0.22297297297297297,-0.2702702702702703,-0.38513513513513514,-0.42567567567567566,-0.5067567567567568,-0.5202702702702703,-0.6351351351351351,-0.32432432432432434,-0.32432432432432434,-0.5743243243243243,-0.32432432432432434,-0.75,-0.32432432432432434,-0.8986486486486487,-0.31756756756756754,-0.34459459459459457,-0.16891891891891891,-0.6283783783783784,-0.16216216216216217,-0.8378378378378378,-0.16216216216216217,-1.0,-0.16891891891891891,-0.35135135135135137,-0.006756756756756757,-0.6283783783783784,-0.02027027027027027,-0.831081081081081,-0.02702702702702703,-0.9797297297297297,-0.04054054054054054,-0.35135135135135137,0.14864864864864866,-0.5743243243243243,0.12837837837837837,-0.722972972972973,0.10810810810810811,-0.8513513513513513,0.08108108108108109
3,0.0,0.0,-0.23529411764705882,0.00980392156862745,-0.39215686274509803,0.0784313725490196,-0.5294117647058824,0.14705882352941177,-0.6666666666666666,0.20588235294117646,0.08823529411764706,0.30392156862745096,0.30392156862745096,0.38235294117647056,0.49019607843137253,0.37254901960784315,0.6764705882352942,0.35294117647058826,0.28431372549019607,0.2647058823529412,0.5686274509803921,0.30392156862745096,0.7843137254901961,0.2647058823529412,0.9705882352941176,0.19607843137254902,0.4117647058823529,0.20588235294117646,0.6568627450980392,0.23529411764705882,0.8333333333333334,0.20588235294117646,1.0,0.13725490196078433,0.47058823529411764,0.13725490196078433,0.6372549019607843,0.19607843137254902,0.7647058823529411,0.19607843137254902,0.9019607843137255,0.17647058823529413
3,0.0,0.0,-0.07407407407407407,-0.22839506172839505,-0.2345679012345679,-0.41358024691358025,-0.3765432098765432,-0.5432098765432098,-0.47530864197530864,-0.654320987654321,-0.32098765432098764,-0.3765432098765432,-0.5679012345679012,-0.42592592592592593,-0.7345679012345679,-0.4567901234567901,-0.8765432098765432,-0.47530864197530864,-0.35802469135802467,-0.24074074074074073,-0.6419753086419753,-0.29012345679012347,-0.8395061728395061,-0.32098765432098764,-1.0,-0.35802469135802467,-0.3765432098765432,-0.09259259259259259,-0.6481481481481481,-0.1419753086419753,-0.8333333333333334,-0.18518518518518517,-0.9753086419753086,-0.22839506172839505,-0.38271604938271603,0.05555555555555555,-0.5987654320987654,0.006172839506172839,-0.7407407407407407,-0.037037037037037035,-0.8580246913580247,-0.07407407407407407
3,0.0,0.0,-0.2727272727272727,-0.011363636363636364,-0.5113636363636364,0.03409090909090909,-0.7386363636363636,0.056818181818181816,-0.9545454545454546,0.06818181818181818,0.022727272727272728,0.2727272727272727,0.19318181818181818,0.375,0.375,0.3977272727272727,0.5568181818181818,0.38636363636363635,0.2727272727272727,0.2727272727272727,0.4659090909090909,0.3522727272727273,0.6363636363636364,0.3409090909090909,0.8181818181818182,0.3068181818181818,0.4318181818181818,0.23863636363636365,0.625,0.2840909090909091,0.7840909090909091,0.25,0.9431818181818182,0.20454545454545456,0.5340909090909091,0.18181818181818182,0.7159090909090909,0.18181818181818182,0.8636363636363636,0.13636363636363635,1.0,0.07954545454545454
3,0.0,0.0,0.19801980198019803,-0.1485148514851485,0.297029702970297,-0.2376237623762376,0.32673267326732675,-0.24752475247524752,0.4158415841584158,-0.19801980198019803,-0.06930693069306931,0.0297029702970297,-0.2376237623762376,0.15841584158415842,-0.40594059405940597,0.19801980198019803,-0.594059405940594,0.2376237623762376,-0.27722772277227725,0.0594059405940594,-0.4752475247524752,0.16831683168316833,-0.6039603960396039,0.19801980198019803,-0.7425742574257426,0.22772277227722773,-0.43564356435643564,0.04950495049504951,-0.6435643564356436,0.1188118811881188,-0.8118811881188119,0.1188118811881188,-0.9702970297029703,0.12871287128712872,-0.5346534653465347,0.0297029702970297,-0.7227722772277227,0.0594059405940594,-0.8712871287128713,0.0594059405940594,-1.0,0.04950495049504951
3,0.0,0.0,0.059602649006622516,-0.24503311258278146,0.17880794701986755,-0.4768211920529801,0.2980132450331126,-0.6423841059602649,0.37748344370860926,-0.8079470198675497,0.2913907284768212,-0.37748344370860926,0.5629139072847682,-0.47019867549668876,0.7350993377483444,-0.5298013245033113,0.8807947019867549,-0.5827814569536424,0.33774834437086093,-0.2251655629139073,0.6357615894039735,-0.32450331125827814,0.8410596026490066,-0.39072847682119205,1.0,-0.45695364238410596,0.3576158940397351,-0.06622516556291391,0.6357615894039735,-0.15894039735099338,0.8145695364238411,-0.2251655629139073,0.9602649006622517,-0.2980132450331126,0.3708609271523179,0.08609271523178808,0.5894039735099338,0.013245033112582781,0.7218543046357616,-0.052980132450331126,0.8410596026490066,-0.11920529801324503
3,0.0,0.0,0.06289308176100629,-0.23270440251572327,0.1949685534591195,-0.42138364779874216,0.32075471698113206,-0.5660377358490566,0.4088050314465409,-0.7044025157232704,0.3081761006289308,-0.3333333333333333,0.5723270440251572,-0.4025157232704403,0.7421383647798742,-0.4339622641509434,0.8867924528301887,-0.4591194968553459,0.3522012578616352,-0.18238993710691823,0.6477987421383647,-0.25157232704402516,0.8427672955974843,-0.2893081761006289,1.0,-0.3333333333333333,0.37735849056603776,-0.031446540880503145,0.6415094339622641,-0.09433962264150944,0.8238993710691824,-0.14465408805031446,0.9622641509433962,-0.18867924528301888,0.3836477987421384,0.1069182389937107,0.5911949685534591,0.050314465408805034,0.7232704402515723,0.006289308176100629,0.8427672955974843,-0.03773584905660377
3,0.0,0.0,0.06535947712418301,-0.22875816993464052,0.19607843137254902,-0.45098039215686275,0.3202614379084967,-0.6209150326797386,0.38562091503267976,-0.7843137254901961,0.27450980392156865,-0.39215686274509803,0.5555555555555556,-0.5228758169934641,0.7320261437908496,-0.5882352941176471,0.8823529411764706,-0.6470588235294118,0.3137254901960784,-0.26143790849673204,0.6339869281045751,-0.38562091503267976,0.8366013071895425,-0.46405228758169936,1.0,-0.5228758169934641,0.33986928104575165,-0.11764705882352941,0.6274509803921569,-0.22875816993464052,0.8104575163398693,-0.30718954248366015,0.9477124183006536,-0.3790849673202614,0.35947712418300654,0.026143790849673203,0.5816993464052288,-0.058823529411764705,0.7058823529411765,-0.12418300653594772,0.8169934640522876,-0.19607843137254902
3,0.0,0.0,0.0718954248366013,-0.013071895424836602,0.09803921568627451,0.0392156862745098,0.05228758169934641,0.1111111111111111,-0.026143790849673203,0.20915032679738563,-0.29411764705882354,0.28104575163398693,-0.5228758169934641,0.39215686274509803,-0.6993464052287581,0.47058823529411764,-0.8496732026143791,0.5359477124183006,-0.40522875816993464,0.2549019607843137,-0.6405228758169934,0.3660130718954248,-0.8366013071895425,0.45751633986928103,-1.0,0.5490196078431373,-0.46405228758169936,0.21568627450980393,-0.6797385620915033,0.3202614379084967,-0.8496732026143791,0.39869281045751637,-1.0,0.477124183006536,-0.477124183006536,0.1895424836601307,-0.6535947712418301,0.26143790849673204,-0.7908496732026143,0.3137254901960784,-0.9150326797385621,0.35294117647058826
3,0.0,0.0,0.087248322147651,-0.24161073825503357,0.21476510067114093,-0.4697986577181208,0.3288590604026846,-0.6442953020134228,0.40268456375838924,-0.8053691275167785,0.28187919463087246,-0.3825503355704698,0.5503355704697986,-0.47651006711409394,0.7315436241610739,-0.5369127516778524,0.8859060402684564,-0.5838926174496645,0.31543624161073824,-0.2348993288590604,0.6174496644295302,-0.3288590604026846,0.825503355704698,-0.3959731543624161,1.0,-0.4563758389261745,0.33557046979865773,-0.08053691275167785,0.610738255033557,-0.16778523489932887,0.7986577181208053,-0.22818791946308725,0.9395973154362416,-0.2953020134228188,0.348993288590604,0.0738255033557047,0.5637583892617449,0.0,0.697986577181208,-0.06040268456375839,0.8120805369127517,-0.1342281879194631
3,0.0,0.0,0.03571428571428571,-0.17261904761904762,-0.011904761904761904,-0.26785714285714285,-0.10714285714285714,-0.27380952380952384,-0.21428571428571427,-0.23214285714285715,-0.32142857142857145,-0.05952380952380952,-0.5892857142857143,-0.023809523809523808,-0.7738095238095238,-0.005952380952380952,-0.9226190476190477,0.011904761904761904,-0.375,0.017857142857142856,-0.6369047619047619,0.03571428571428571,-0.8392857142857143,0.03571428571428571,-1.0,0.02976190476190476,-0.4107142857142857,0.041666666666666664,-0.625,0.05357142857142857,-0.7976190476190477,0.047619047619047616,-0.9345238095238095,0.03571428571428571,-0.42857142857142855,0.03571428571428571,-0.5952380952380952,0.03571428571428571,-0.7261904761904762,0.03571428571428571,-0.8333333333333334,0.023809523809523808
3,0.0,0.0,0.08333333333333333,-0.2916666666666667,0.23333333333333334,-0.5833333333333334,0.35,-0.8,0.39166666666666666,-1.0,0.24166666666666667,-0.475,0.4583333333333333,-0.5416666666666666,0.6333333333333333,-0.5666666666666667,0.7916666666666666,-0.5833333333333334,0.275,-0.2833333333333333,0.5416666666666666,-0.35,0.7416666666666667,-0.39166666666666666,0.9166666666666666,-0.425,0.30833333333333335,-0.075,0.5666666666666667,-0.15,0.7666666666666667,-0.19166666666666668,0.925,-0.23333333333333334,0.3333333333333333,0.10833333333333334,0.5416666666666666,0.058333333333333334,0.675,0.016666666666666666,0.8,-0.025
3,0.0,0.0,0.043243243243243246,-0.15135135135135136,0.005405405405405406,-0.22702702702702704,-0.08108108108108109,-0.23243243243243245,-0.20540540540540542,-0.1891891891891892,-0.3081081081081081,-0.021621621621621623,-0.5621621621621622,0.010810810810810811,-0.745945945945946,0.032432432432432434,-0.9027027027027027,0.04864864864864865,-0.3621621621621622,0.04864864864864865,-0.6324324324324324,0.07027027027027027,-0.8324324324324325,0.07027027027027027,-1.0,0.06486486486486487,-0.4,0.06486486486486487,-0.6324324324324324,0.08648648648648649,-0.8108108108108109,0.08108108108108109,-0.9513513513513514,0.07027027027027027,-0.41621621621621624,0.05405405405405406,-0.5945945945945946,0.06486486486486487,-0.7351351351351352,0.07027027027027027,-0.8486486486486486,0.05945945945945946
3,0.0,0.0,0.08849557522123894,-0.2831858407079646,0.22123893805309736,-0.584070796460177,0.3185840707964602,-0.8053097345132744,0.36283185840707965,-1.0,0.19469026548672566,-0.4778761061946903,0.415929203539823,-0.5398230088495575,0.584070796460177,-0.584070796460177,0.7345132743362832,-0.6283185840707964,0.21238938053097345,-0.2743362831858407,0.504424778761062,-0.34513274336283184,0.7168141592920354,-0.40707964601769914,0.8849557522123894,-0.46017699115044247,0.24778761061946902,-0.07079646017699115,0.5221238938053098,-0.12389380530973451,0.7168141592920354,-0.18584070796460178,0.8584070796460177,-0.25663716814159293,0.2743362831858407,0.13274336283185842,0.504424778761062,0.09734513274336283,0.6371681415929203,0.035398230088495575,0.7433628318584071,-0.04424778761061947
3,0.0,0.0,0.021052631578947368,-0.19473684210526315,-0.04736842105263158,-0.29473684210526313,-0.1631578947368421,-0.30526315789473685,-0.2894736842105263,-0.29473684210526313,-0.35789473684210527,-0.11578947368421053,-0.6421052631578947,-0.1,-0.8157894736842105,-0.1,-0.9473684210526315,-0.10526315789473684,-0.39473684210526316,-0.015789473684210527,-0.6789473684210526,-0.021052631578947368,-0.8631578947368421,-0.05263157894736842,-1.0,-0.08421052631578947,-0.41578947368421054,0.021052631578947368,-0.6578947368421053,0.021052631578947368,-0.8157894736842105,-0.015789473684210527,-0.9368421052631579,-0.05263157894736842,-0.4263157894736842,0.02631578947368421,-0.6157894736842106,0.015789473684210527,-0.7473684210526316,0.0,-0.8473684210526315,-0.031578947368421054
3,0.0,0.0,0.11023622047244094,-0.2755905511811024,0.25984251968503935,-0.5669291338582677,0.3779527559055118,-0.7952755905511811,0.4015748031496063,-1.0,0.1889763779527559,-0.5039370078740157,0.3700787401574803,-0.6771653543307087,0.5196850393700787,-0.7559055118110236,0.6535433070866141,-0.8188976377952756,0.1968503937007874,-0.3543307086614173,0.4094488188976378,-0.5275590551181102,0.5826771653543307,-0.6220472440944882,0.7244094488188977,-0.6929133858267716,0.2283464566929134,-0.1732283464566929,0.4409448818897638,-0.31496062992125984,0.5826771653543307,-0.3937007874015748,0.7007874015748031,-0.47244094488188976,0.2755905511811024,0.015748031496062992,0.44881889763779526,-0.08661417322834646,0.5433070866141733,-0.1732283464566929,0.6220472440944882,-0.25196850393700787
3,0.0,0.0,0.03664921465968586,-0.17801047120418848,-0.005235602094240838,-0.2774869109947644,-0.09947643979057591,-0.31413612565445026,-0.2094240837696335,-0.31413612565445026,-0.3298429319371728,-0.13612565445026178,-0.6073298429319371,-0.17277486910994763,-0.774869109947644,-0.19895287958115182,-0.9162303664921466,-0.2198952879581152,-0.387434554973822,-0.04712041884816754,-0.6596858638743456,-0.09947643979057591,-0.8481675392670157,-0.15706806282722513,-1.0,-0.19895287958115182,-0.41361256544502617,-0.005235602094240838,-0.6492146596858639,-0.05759162303664921,-0.8115183246073299,-0.1099476439790576,-0.93717277486911,-0.16230366492146597,-0.4293193717277487,0.005235602094240838,-0.6020942408376964,-0.041884816753926704,-0.7382198952879581,-0.08376963350785341,-0.837696335078534,-0.1256544502617801
3,0.0,0.0,0.11029411764705882,-0.29411764705882354,0.27941176470588236,-0.5808823529411765,0.41911764705882354,-0.8014705882352942,0.47794117647058826,-1.0,0.23529411764705882,-0.5367647058823529,0.4338235294117647,-0.7573529411764706,0.5808823529411765,-0.8529411764705882,0.7132352941176471,-0.9264705882352942,0.2426470588235294,-0.4117647058823529,0.4632352941176471,-0.6176470588235294,0.6323529411764706,-0.7352941176470589,0.7794117647058824,-0.8235294117647058,0.27205882352941174,-0.2426470588235294,0.4852941176470588,-0.41911764705882354,0.6397058823529411,-0.5220588235294118,0.7573529411764706,-0.6176470588235294,0.3161764705882353,-0.058823529411764705,0.47794117647058826,-0.19852941176470587,0.5808823529411765,-0.3014705882352941,0.6764705882352942,-0.3897058823529412
3,0.0,0.0,0.0967741935483871,-0.1935483870967742,0.1032258064516129,-0.3161290322580645,0.05806451612903226,-0.3870967741935484,-0.01935483870967742,-0.4064516129032258,-0.21935483870967742,-0.15483870967741936,-0.4774193548387097,-0.17419354838709677,-0.6516129032258065,-0.21935483870967742,-0.8064516129032258,-0.2645161290322581,-0.32903225806451614,-0.05161290322580645,-0.6064516129032258,-0.0967741935483871,-0.8129032258064516,-0.16774193548387098,-0.9741935483870968,-0.23225806451612904,-0.4,-0.0064516129032258064,-0.6580645161290323,-0.05806451612903226,-0.8516129032258064,-0.12903225806451613,-1.0,-0.1935483870967742,-0.44516129032258067,0.0,-0.6516129032258065,-0.04516129032258064,-0.8,-0.09032258064516129,-0.9225806451612903,-0.14193548387096774
3,0.0,0.0,0.12307692307692308,-0.24615384615384617,0.2692307692307692,-0.5,0.4076923076923077,-0.7076923076923077,0.46923076923076923,-0.9076923076923077,0.25384615384615383,-0.4307692307692308,0.5153846153846153,-0.5153846153846153,0.7076923076923077,-0.5846153846153846,0.8769230769230769,-0.6307692307692307,0.2692307692307692,-0.25384615384615383,0.5846153846153846,-0.35384615384615387,0.8153846153846154,-0.4307692307692308,1.0,-0.49230769230769234,0.2923076923076923,-0.07692307692307693,0.6,-0.15384615384615385,0.8076923076923077,-0.23076923076923078,0.9692307692307692,-0.3076923076923077,0.3153846153846154,0.1,0.5461538461538461,0.046153846153846156,0.6923076923076923,-0.023076923076923078,0.8076923076923077,-0.1
3,0.0,0.0,0.13385826771653545,-0.2047244094488189,0.15748031496062992,-0.3464566929133858,0.14960629921259844,-0.44881889763779526,0.14960629921259844,-0.5196850393700787,-0.1732283464566929,-0.23622047244094488,-0.4015748031496063,-0.25196850393700787,-0.5748031496062992,-0.31496062992125984,-0.7322834645669292,-0.3779527559055118,-0.29133858267716534,-0.11811023622047244,-0.5669291338582677,-0.18110236220472442,-0.7795275590551181,-0.2755905511811024,-0.9448818897637795,-0.36220472440944884,-0.3779527559055118,-0.047244094488188976,-0.6456692913385826,-0.11811023622047244,-0.8503937007874016,-0.2125984251968504,-1.0,-0.2992125984251969,-0.4330708661417323,-0.023622047244094488,-0.6535433070866141,-0.07874015748031496,-0.8188976377952756,-0.14960629921259844,-0.9448818897637795,-0.2283464566929134
3,0.0,0.0,0.07142857142857142,-0.22857142857142856,0.20714285714285716,-0.45,0.35,-0.6214285714285714,0.44285714285714284,-0.7857142857142857,0.25,-0.37857142857142856,0.5214285714285715,-0.4857142857142857,0.7214285714285714,-0.55,0.8857142857142857,-0.5928571428571429,0.2714285714285714,-0.22857142857142856,0.5928571428571429,-0.32857142857142857,0.8214285714285714,-0.4,1.0,-0.45714285714285713,0.2857142857142857,-0.07142857142857142,0.5857142857142857,-0.15,0.7857142857142857,-0.21428571428571427,0.9428571428571428,-0.2857142857142857,0.3,0.07142857142857142,0.5285714285714286,0.02857142857142857,0.6714285714285714,-0.03571428571428571,0.7928571428571428,-0.1
3,0.0,0.0,0.17518248175182483,-0.2116788321167883,0.21897810218978103,-0.4233576642335766,0.18248175182481752,-0.5766423357664233,0.10218978102189781,-0.6934306569343066,-0.10948905109489052,-0.36496350364963503,-0.40145985401459855,-0.5109489051094891,-0.5985401459854015,-0.635036496350365,-0.7591240875912408,-0.7445255474452555,-0.27007299270072993,-0.23357664233576642,-0.5985401459854015,-0.4306569343065693,-0.8029197080291971,-0.5985401459854015,-0.9635036496350365,-0.7372262773722628,-0.3795620437956204,-0.15328467153284672,-0.6642335766423357,-0.35036496350364965,-0.8613138686131386,-0.5036496350364964,-1.0,-0.635036496350365,-0.45255474452554745,-0.10218978102189781,-0.6715328467153284,-0.2773722627737226,-0.8175182481751825,-0.40145985401459855,-0.927007299270073,-0.5109489051094891
3,0.0,0.0,0.064,-0.264,0.216,-0.536,0.368,-0.72,0.472,-0.88,0.256,-0.56,0.528,-0.8,0.712,-0.92,0.848,-1.0,0.28,-0.456,0.568,-0.696,0.76,-0.808,0.912,-0.88,0.312,-0.304,0.584,-0.512,0.776,-0.632,0.936,-0.712,0.344,-0.12,0.544,-0.272,0.68,-0.384,0.8,-0.472
3,0.0,0.0,0.057291666666666664,-0.16666666666666666,0.005208333333333333,-0.2604166666666667,-0.08854166666666667,-0.3125,-0.20833333333333334,-0.3229166666666667,-0.3177083333333333,-0.125,-0.59375,-0.18229166666666666,-0.78125,-0.22916666666666666,-0.9322916666666666,-0.265625,-0.3697916666666667,-0.052083333333333336,-0.6458333333333334,-0.11458333333333333,-0.84375,-0.1875,-1.0,-0.24479166666666666,-0.390625,-0.03125,-0.625,-0.078125,-0.796875,-0.15625,-0.9166666666666666,-0.22395833333333334,-0.4010416666666667,-0.036458333333333336,-0.5729166666666666,-0.078125,-0.703125,-0.13020833333333334,-0.796875,-0.1875
3,0.0,0.0,0.234375,-0.203125,0.4296875,-0.4453125,0.578125,-0.6328125,0.6796875,-0.8203125,0.265625,-0.546875,0.4765625,-0.765625,0.6171875,-0.890625,0.7421875,-1.0,0.21875,-0.4375,0.5,-0.65625,0.6796875,-0.7734375,0.8359375,-0.8671875,0.21875,-0.28125,0.4921875,-0.46875,0.6640625,-0.5703125,0.8125,-0.65625,0.2421875,-0.09375,0.4375,-0.2109375,0.5625,-0.3203125,0.671875,-0.4140625
3,0.0,0.0,-0.004651162790697674,-0.13488372093023257,-0.10232558139534884,-0.15348837209302327,-0.22790697674418606,-0.13953488372093023,-0.37209302325581395,-0.11627906976744186,-0.37209302325581395,0.023255813953488372,-0.6372093023255814,0.004651162790697674,-0.8232558139534883,-0.009302325581395349,-0.9720930232558139,-0.018604651162790697,-0.4046511627906977,0.08372093023255814,-0.6511627906976745,0.06046511627906977,-0.8511627906976744,0.018604651162790697,-1.0,-0.023255813953488372,-0.4186046511627907,0.09302325581395349,-0.6372093023255814,0.07441860465116279,-0.8093023255813954,0.037209302325581395,-0.9395348837209302,-0.013953488372093023,-0.42790697674418604,0.07906976744186046,-0.5906976744186047,0.07441860465116279,-0.7255813953488373,0.05116279069767442,-0.8325581395348837,0.009302325581395349
3,0.0,0.0,0.11811023622047244,-0.33070866141732286,0.2125984251968504,-0.6141732283464567,0.2677165354330709,-0.8267716535433071,0.31496062992125984,-1.0,0.11811023622047244,-0.5354330708661418,0.25984251968503935,-0.6929133858267716,0.33070866141732286,-0.7716535433070866,0.3700787401574803,-0.8346456692913385,0.10236220472440945,-0.3858267716535433,0.25196850393700787,-0.4645669291338583,0.3543307086614173,-0.5354330708661418,0.4094488188976378,-0.5984251968503937,0.09448818897637795,-0.2125984251968504,0.2283464566929134,-0.2755905511811024,0.33070866141732286,-0.33858267716535434,0.3937007874015748,-0.41732283464566927,0.10236220472440945,-0.023622047244094488,0.18110236220472442,-0.06299212598425197,0.23622047244094488,-0.13385826771653545,0.2677165354330709,-0.2047244094488189
3,0.0,0.0,0.029556650246305417,-0.014778325123152709,0.0049261083743842365,0.024630541871921183,-0.07389162561576355,0.06896551724137931,-0.1724137931034483,0.12807881773399016,-0.35960591133004927,0.18226600985221675,-0.5812807881773399,0.2413793103448276,-0.7487684729064039,0.2660098522167488,-0.896551724137931,0.2857142857142857,-0.42857142857142855,0.16748768472906403,-0.6551724137931034,0.22167487684729065,-0.8374384236453202,0.24630541871921183,-1.0,0.270935960591133,-0.46798029556650245,0.1477832512315271,-0.6748768472906403,0.1921182266009852,-0.8325123152709359,0.21182266009852216,-0.9753694581280788,0.2315270935960591,-0.4876847290640394,0.1330049261083744,-0.6502463054187192,0.1625615763546798,-0.7832512315270936,0.17733990147783252,-0.896551724137931,0.18226600985221675
3,0.0,0.0,0.2743362831858407,-0.2920353982300885,0.5221238938053098,-0.5752212389380531,0.6814159292035398,-0.8053097345132744,0.7256637168141593,-1.0,0.40707964601769914,-0.4690265486725664,0.584070796460177,-0.5309734513274337,0.7345132743362832,-0.5486725663716814,0.8849557522123894,-0.5575221238938053,0.36283185840707965,-0.2831858407079646,0.6017699115044248,-0.30973451327433627,0.7964601769911505,-0.30973451327433627,0.9734513274336283,-0.3008849557522124,0.336283185840708,-0.07079646017699115,0.5752212389380531,-0.07964601769911504,0.7610619469026548,-0.061946902654867256,0.911504424778761,-0.04424778761061947,0.30973451327433627,0.1415929203539823,0.5132743362831859,0.1504424778761062,0.6548672566371682,0.1504424778761062,0.7964601769911505,0.1415929203539823
3,0.0,0.0,0.036585365853658534,-0.06097560975609756,0.024390243902439025,-0.07317073170731707,-0.012195121951219513,-0.036585365853658534,-0.04878048780487805,0.024390243902439025,-0.32926829268292684,0.11585365853658537,-0.5426829268292683,0.14634146341463414,-0.7134146341463414,0.1524390243902439,-0.8658536585365854,0.16463414634146342,-0.40853658536585363,0.12195121951219512,-0.6402439024390244,0.1402439024390244,-0.8292682926829268,0.1402439024390244,-1.0,0.1402439024390244,-0.45121951219512196,0.11585365853658537,-0.6585365853658537,0.12804878048780488,-0.823170731707317,0.12804878048780488,-0.9817073170731707,0.12804878048780488,-0.4634146341463415,0.11585365853658537,-0.6280487804878049,0.12195121951219512,-0.7621951219512195,0.12195121951219512,-0.8780487804878049,0.12195121951219512
3,0.0,0.0,0.16923076923076924,-0.25384615384615383,0.36153846153846153,-0.5076923076923077,0.5153846153846153,-0.7,0.5923076923076923,-0.8846153846153846,0.33076923076923076,-0.43846153846153846,0.5615384615384615,-0.5153846153846153,0.7384615384615385,-0.5615384615384615,0.8923076923076924,-0.6076923076923076,0.33076923076923076,-0.2692307692307692,0.6153846153846154,-0.34615384615384615,0.823076923076923,-0.3923076923076923,1.0,-0.43846153846153846,0.33076923076923076,-0.07692307692307693,0.6153846153846154,-0.13846153846153847,0.8076923076923077,-0.19230769230769232,0.9692307692307692,-0.25384615384615383,0.34615384615384615,0.12307692307692308,0.5615384615384615,0.06923076923076923,0.6923076923076923,0.007692307692307693,0.8153846153846154,-0.05384615384615385
4,0.0,0.0,0.25984251968503935,-0.11811023622047244,0.4881889763779528,-0.2204724409448819,0.6929133858267716,-0.25196850393700787,0.8661417322834646,-0.25196850393700787,0.33070866141732286,-0.5196850393700787,0.6062992125984252,-0.48031496062992124,0.8188976377952756,-0.44881889763779526,1.0,-0.4015748031496063,0.13385826771653545,-0.4881889763779528,0.36220472440944884,-0.15748031496062992,0.44881889763779526,-0.03937007874015748,0.4881889763779528,0.007874015748031496,-0.03937007874015748,-0.3464566929133858,0.15748031496062992,-0.015748031496062992,0.2283464566929134,0.06299212598425197,0.25984251968503935,0.09448818897637795,-0.1889763779527559,-0.18110236220472442,-0.047244094488188976,0.05511811023622047,0.023622047244094488,0.11811023622047244,0.06299212598425197,0.12598425196850394
4,0.0,0.0,0.23267326732673269,-0.06435643564356436,0.41089108910891087,-0.07425742574257425,0.504950495049505,-0.0297029702970297,0.5099009900990099,-0.0049504950495049506,0.4801980198019802,-0.19306930693069307,0.7079207920792079,-0.12871287128712872,0.8663366336633663,-0.10396039603960396,1.0,-0.0891089108910891,0.3613861386138614,-0.18811881188118812,0.5,0.1485148514851485,0.41089108910891087,0.13366336633663367,0.36633663366336633,0.039603960396039604,0.22277227722772278,-0.12376237623762376,0.3465346534653465,0.2079207920792079,0.2871287128712871,0.15841584158415842,0.26732673267326734,0.0594059405940594,0.09405940594059406,-0.034653465346534656,0.21287128712871287,0.20297029702970298,0.1782178217821782,0.16336633663366337,0.14356435643564355,0.07920792079207921
4,0.0,0.0,0.25165562913907286,-0.11258278145695365,0.4900662251655629,-0.17218543046357615,0.6357615894039735,-0.152317880794702,0.7417218543046358,-0.13245033112582782,0.3973509933774834,-0.40397350993377484,0.6622516556291391,-0.3576158940397351,0.847682119205298,-0.33112582781456956,1.0,-0.2980132450331126,0.23178807947019867,-0.37748344370860926,0.4900662251655629,-0.026490066225165563,0.4768211920529801,-0.006622516556291391,0.44370860927152317,-0.0728476821192053,0.0728476821192053,-0.26490066225165565,0.31788079470198677,0.07947019867549669,0.31125827814569534,0.033112582781456956,0.2847682119205298,-0.0728476821192053,-0.06622516556291391,-0.13245033112582782,0.1456953642384106,0.11920529801324503,0.16556291390728478,0.08609271523178808,0.13245033112582782,0.0
4,0.0,0.0,0.2875,-0.125,0.55,-0.1875,0.7125,-0.1625,0.9125,-0.1375,0.35,-0.6375,0.6,-0.3875,0.8,-0.325,1.0,-0.325,0.025,-0.525,0.325,0.0875,0.425,0.15,0.475,0.075,-0.25,-0.3,0.025,0.2875,0.15,0.3,0.225,0.2125,-0.4625,-0.075,-0.275,0.325,-0.15,0.375,-0.0625,0.3125
4,0.0,0.0,0.21264367816091953,-0.08620689655172414,0.40229885057471265,-0.14942528735632185,0.5114942528735632,-0.22413793103448276,0.5632183908045977,-0.3390804597701149,0.4482758620689655,-0.21839080459770116,0.6896551724137931,-0.16666666666666666,0.8563218390804598,-0.14367816091954022,1.0,-0.12643678160919541,0.3390804597701149,-0.1781609195402299,0.5229885057471264,0.1206896551724138,0.43103448275862066,0.10344827586206896,0.3735632183908046,0.017241379310344827,0.21839080459770116,-0.09770114942528736,0.3735632183908046,0.19540229885057472,0.2988505747126437,0.14367816091954022,0.26436781609195403,0.04597701149425287,0.09770114942528736,-0.005747126436781609,0.23563218390804597,0.19540229885057472,0.19540229885057472,0.15517241379310345,0.14367816091954022,0.06896551724137931
4,0.0,0.0,0.20218579234972678,-0.10382513661202186,0.41530054644808745,-0.09289617486338798,0.5355191256830601,-0.0273224043715847,0.5956284153005464,0.0273224043715847,0.4972677595628415,-0.13114754098360656,0.726775956284153,-0.0273224043715847,0.8743169398907104,0.01092896174863388,1.0,0.04371584699453552,0.39344262295081966,-0.09289617486338798,0.5245901639344263,0.20218579234972678,0.4426229508196721,0.16393442622950818,0.3989071038251366,0.07103825136612021,0.2677595628415301,-0.02185792349726776,0.37158469945355194,0.2568306010928962,0.30601092896174864,0.1912568306010929,0.273224043715847,0.09836065573770492,0.1366120218579235,0.04918032786885246,0.25136612021857924,0.26229508196721313,0.20765027322404372,0.20765027322404372,0.16939890710382513,0.12021857923497267
4,0.0,0.0,0.32673267326732675,-0.13861386138613863,0.6237623762376238,-0.15841584158415842,0.8316831683168316,-0.0891089108910891,1.0,-0.039603960396039604,0.2871287128712871,-0.32673267326732675,0.5544554455445545,-0.04950495049504951,0.7128712871287128,-0.019801980198019802,0.7722772277227723,-0.039603960396039604,0.07920792079207921,-0.21782178217821782,0.39603960396039606,0.24752475247524752,0.4158415841584158,0.19801980198019803,0.3465346534653465,0.0594059405940594,-0.09900990099009901,-0.0594059405940594,0.18811881188118812,0.3465346534653465,0.21782178217821782,0.24752475247524752,0.1782178217821782,0.09900990099009901,-0.24752475247524752,0.0891089108910891,0.0,0.37623762376237624,0.039603960396039604,0.2871287128712871,-0.0297029702970297,0.16831683168316833
4,0.0,0.0,0.29292929292929293,-0.15151515151515152,0.5656565656565656,-0.26262626262626265,0.7777777777777778,-0.29292929292929293,0.9393939393939394,-0.31313131313131315,0.3838383838383838,-0.494949494949495,0.5959595959595959,-0.3434343434343434,0.8080808080808081,-0.32323232323232326,1.0,-0.29292929292929293,0.1717171717171717,-0.41414141414141414,0.40404040404040403,0.030303030303030304,0.41414141414141414,0.020202020202020204,0.3838383838383838,-0.06060606060606061,-0.030303030303030304,-0.25252525252525254,0.2222222222222222,0.1717171717171717,0.21212121212121213,0.10101010101010101,0.18181818181818182,0.010101010101010102,-0.1919191919191919,-0.0707070707070707,0.010101010101010102,0.2222222222222222,0.010101010101010102,0.16161616161616163,-0.04040404040404041,0.0707070707070707
4,0.0,0.0,0.23275862068965517,-0.10344827586206896,0.4482758620689655,-0.20689655172413793,0.5,-0.22413793103448276,0.47413793103448276,-0.21551724137931033,0.3620689655172414,-0.603448275862069,0.6120689655172413,-0.5689655172413793,0.8103448275862069,-0.5862068965517241,1.0,-0.6120689655172413,0.10344827586206896,-0.6293103448275862,0.29310344827586204,-0.15517241379310345,0.31896551724137934,-0.034482758620689655,0.3017241379310345,-0.0603448275862069,-0.1206896551724138,-0.5,0.07758620689655173,-0.008620689655172414,0.14655172413793102,0.04310344827586207,0.1724137931034483,-0.04310344827586207,-0.31896551724137934,-0.3275862068965517,-0.15517241379310345,0.017241379310344827,-0.06896551724137931,0.07758620689655173,-0.034482758620689655,0.02586206896551724
4,0.0,0.0,0.27835051546391754,-0.061855670103092786,0.5051546391752577,-0.16494845360824742,0.6494845360824743,-0.1958762886597938,0.865979381443299,-0.18556701030927836,0.422680412371134,-0.7835051546391752,0.6185567010309279,-0.6494845360824743,0.8041237113402062,-0.5979381443298969,1.0,-0.5979381443298969,0.07216494845360824,-0.8144329896907216,0.2268041237113402,-0.07216494845360824,0.3402061855670103,0.09278350515463918,0.4020618556701031,0.030927835051546393,-0.24742268041237114,-0.6494845360824743,-0.10309278350515463,0.09278350515463918,0.05154639175257732,0.18556701030927836,0.17525773195876287,0.07216494845360824,-0.5257731958762887,-0.4329896907216495,-0.4329896907216495,0.08247422680412371,-0.29896907216494845,0.1958762886597938,-0.18556701030927836,0.13402061855670103
4,0.0,0.0,0.36363636363636365,-0.13636363636363635,0.6727272727272727,-0.33636363636363636,0.6818181818181818,-0.36363636363636365,0.4636363636363636,-0.2818181818181818,0.38181818181818183,-0.8727272727272727,0.4727272727272727,-0.8909090909090909,0.6181818181818182,-0.9090909090909091,0.7727272727272727,-1.0,0.0,-0.9545454545454546,0.10909090909090909,-0.23636363636363636,0.2727272727272727,0.00909090909090909,0.38181818181818183,-0.05454545454545454,-0.32727272727272727,-0.8090909090909091,-0.17272727272727273,-0.045454545454545456,0.01818181818181818,0.08181818181818182,0.12727272727272726,-0.06363636363636363,-0.5818181818181818,-0.6090909090909091,-0.43636363636363634,-0.045454545454545456,-0.2727272727272727,0.1,-0.16363636363636364,0.00909090909090909
4,0.0,0.0,0.20567375886524822,-0.09219858156028368,0.41134751773049644,-0.1773049645390071,0.5177304964539007,-0.20567375886524822,0.5602836879432624,-0.20567375886524822,0.3617021276595745,-0.475177304964539,0.6312056737588653,-0.45390070921985815,0.8297872340425532,-0.48226950354609927,1.0,-0.5106382978723404,0.1773049645390071,-0.49645390070921985,0.3900709219858156,-0.09929078014184398,0.3546099290780142,-0.0425531914893617,0.28368794326241137,-0.09929078014184398,0.0,-0.40425531914893614,0.2127659574468085,0.028368794326241134,0.19858156028368795,0.028368794326241134,0.16312056737588654,-0.07801418439716312,-0.14893617021276595,-0.2624113475177305,0.02127659574468085,0.0425531914893617,0.03546099290780142,0.04964539007092199,0.0070921985815602835,-0.0425531914893617
4,0.0,0.0,-0.21266968325791855,-0.04524886877828054,-0.40271493212669685,-0.05429864253393665,-0.5339366515837104,-0.027149321266968326,-0.6561085972850679,0.013574660633484163,-0.45248868778280543,-0.2081447963800905,-0.7104072398190046,-0.21266968325791855,-0.8642533936651584,-0.22171945701357465,-1.0,-0.23076923076923078,-0.3755656108597285,-0.18099547511312217,-0.6561085972850679,-0.08597285067873303,-0.7058823529411765,0.06334841628959276,-0.6923076923076923,0.1493212669683258,-0.3031674208144796,-0.1085972850678733,-0.5656108597285068,-0.013574660633484163,-0.6108597285067874,0.11312217194570136,-0.5882352941176471,0.17647058823529413,-0.23076923076923078,-0.01809954751131222,-0.4479638009049774,0.06787330316742081,-0.5248868778280543,0.1583710407239819,-0.5429864253393665,0.20361990950226244
4,0.0,0.0,-0.1581196581196581,-0.08974358974358974,-0.3333333333333333,-0.14957264957264957,-0.4658119658119658,-0.1452991452991453,-0.5555555555555556,-0.1111111111111111,-0.46153846153846156,-0.2692307692307692,-0.7051282051282052,-0.24786324786324787,-0.8632478632478633,-0.24786324786324787,-1.0,-0.24786324786324787,-0.3974358974358974,-0.23931623931623933,-0.5982905982905983,-0.021367521367521368,-0.5085470085470085,0.01282051282051282,-0.44017094017094016,-0.038461538461538464,-0.3247863247863248,-0.16666666666666666,-0.5213675213675214,0.042735042735042736,-0.42735042735042733,0.05128205128205128,-0.36752136752136755,-0.01282051282051282,-0.25213675213675213,-0.08547008547008547,-0.4188034188034188,0.07264957264957266,-0.3547008547008547,0.08547008547008547,-0.2948717948717949,0.03418803418803419
4,0.0,0.0,-0.23497267759562843,-0.08196721311475409,-0.4098360655737705,-0.1366120218579235,-0.5300546448087432,-0.1092896174863388,-0.5792349726775956,-0.07650273224043716,-0.43169398907103823,-0.3770491803278688,-0.6775956284153005,-0.40437158469945356,-0.8579234972677595,-0.4207650273224044,-1.0,-0.43169398907103823,-0.3114754098360656,-0.3770491803278688,-0.5519125683060109,-0.11475409836065574,-0.48633879781420764,0.0,-0.4098360655737705,-0.0273224043715847,-0.18579234972677597,-0.2896174863387978,-0.41530054644808745,-0.01092896174863388,-0.36065573770491804,0.04918032786885246,-0.29508196721311475,-0.01639344262295082,-0.07103825136612021,-0.18032786885245902,-0.273224043715847,0.02185792349726776,-0.2677595628415301,0.07103825136612021,-0.21311475409836064,0.02185792349726776
4,0.0,0.0,-0.28346456692913385,-0.09448818897637795,-0.5118110236220472,-0.1968503937007874,-0.7086614173228346,-0.2283464566929134,-0.8582677165354331,-0.25984251968503935,-0.41732283464566927,-0.6220472440944882,-0.6614173228346457,-0.7637795275590551,-0.8503937007874016,-0.8582677165354331,-1.0,-0.9448818897637795,-0.2204724409448819,-0.6377952755905512,-0.5511811023622047,-0.33070866141732286,-0.5196850393700787,-0.11023622047244094,-0.4330708661417323,-0.10236220472440945,-0.03937007874015748,-0.5354330708661418,-0.3464566929133858,-0.1732283464566929,-0.33070866141732286,-0.03937007874015748,-0.25984251968503935,-0.07874015748031496,0.11811023622047244,-0.3779527559055118,-0.14173228346456693,-0.11023622047244094,-0.1732283464566929,-0.007874015748031496,-0.12598425196850394,-0.03937007874015748
4,0.0,0.0,-0.2765957446808511,-0.11702127659574468,-0.5212765957446809,-0.2765957446808511,-0.5851063829787234,-0.2553191489361702,-0.5,-0.2127659574468085,-0.3404255319148936,-0.7446808510638298,-0.48936170212765956,-0.8404255319148937,-0.6063829787234043,-0.9148936170212766,-0.7127659574468085,-1.0,-0.010638297872340425,-0.7340425531914894,-0.3617021276595745,-0.14893617021276595,-0.44680851063829785,0.07446808510638298,-0.40425531914893614,0.02127659574468085,0.26595744680851063,-0.5319148936170213,-0.09574468085106383,0.0425531914893617,-0.20212765957446807,0.14893617021276595,-0.18085106382978725,0.07446808510638298,0.46808510638297873,-0.2872340425531915,0.1702127659574468,0.10638297872340426,0.07446808510638298,0.19148936170212766,0.09574468085106383,0.13829787234042554
4,0.0,0.0,-0.21359223300970873,-0.06796116504854369,-0.4077669902912621,-0.10679611650485436,-0.5533980582524272,-0.10679611650485436,-0.6699029126213593,-0.10679611650485436,-0.4320388349514563,-0.23300970873786409,-0.6747572815533981,-0.16990291262135923,-0.8495145631067961,-0.1553398058252427,-1.0,-0.13592233009708737,-0.3106796116504854,-0.21844660194174756,-0.5097087378640777,0.07281553398058252,-0.4174757281553398,0.11650485436893204,-0.34951456310679613,0.05825242718446602,-0.16990291262135923,-0.14563106796116504,-0.35436893203883496,0.1407766990291262,-0.28640776699029125,0.13106796116504854,-0.22815533980582525,0.043689320388349516,-0.038834951456310676,-0.05825242718446602,-0.21844660194174756,0.1553398058252427,-0.18446601941747573,0.15048543689320387,-0.13106796116504854,0.07766990291262135
4,0.0,0.0,-0.2430939226519337,-0.06629834254143646,-0.43646408839779005,-0.09944751381215469,-0.574585635359116,-0.07734806629834254,-0.6629834254143646,-0.049723756906077346,-0.46408839779005523,-0.27071823204419887,-0.6961325966850829,-0.19337016574585636,-0.861878453038674,-0.143646408839779,-1.0,-0.11049723756906077,-0.3259668508287293,-0.27624309392265195,-0.48066298342541436,0.06077348066298342,-0.4143646408839779,0.143646408839779,-0.36464088397790057,0.11049723756906077,-0.1712707182320442,-0.20994475138121546,-0.32044198895027626,0.12154696132596685,-0.27071823204419887,0.14917127071823205,-0.2265193370165746,0.08287292817679558,-0.027624309392265192,-0.12154696132596685,-0.17679558011049723,0.11049723756906077,-0.1712707182320442,0.13259668508287292,-0.13812154696132597,0.0718232044198895
4,0.0,0.0,-0.41935483870967744,-0.08064516129032258,-0.8548387096774194,-0.27419354838709675,-0.9838709677419355,-0.3870967741935484,-0.6612903225806451,-0.46774193548387094,-0.532258064516129,-1.0,-0.6612903225806451,-0.7258064516129032,-0.6612903225806451,-0.5967741935483871,-0.6290322580645161,-0.532258064516129,-0.03225806451612903,-0.9516129032258065,-0.2903225806451613,0.0967741935483871,-0.41935483870967744,0.22580645161290322,-0.45161290322580644,-0.03225806451612903,0.4032258064516129,-0.7096774193548387,0.08064516129032258,0.2903225806451613,-0.04838709677419355,0.25806451612903225,-0.06451612903225806,0.0,0.7096774193548387,-0.41935483870967744,0.41935483870967744,0.3225806451612903,0.2903225806451613,0.3064516129032258,0.2903225806451613,0.08064516129032258
4,0.0,0.0,-0.18617021276595744,-0.03723404255319149,-0.3723404255319149,0.02127659574468085,-0.48404255319148937,0.12234042553191489,-0.5638297872340425,0.22872340425531915,-0.4574468085106383,-0.05319148936170213,-0.6914893617021277,0.05851063829787234,-0.8617021276595744,0.1276595744680851,-1.0,0.18085106382978725,-0.34574468085106386,-0.015957446808510637,-0.526595744680851,0.30319148936170215,-0.4521276595744681,0.3191489361702128,-0.3882978723404255,0.24468085106382978,-0.20212765957446807,0.05851063829787234,-0.3670212765957447,0.3670212765957447,-0.31382978723404253,0.3351063829787234,-0.26595744680851063,0.23404255319148937,-0.06382978723404255,0.13297872340425532,-0.21808510638297873,0.3776595744680851,-0.19148936170212766,0.3404255319148936,-0.13829787234042554,0.2553191489361702
4,0.0,0.0,-0.3283582089552239,0.04477611940298507,-0.6119402985074627,0.2462686567164179,-0.8134328358208955,0.44776119402985076,-0.9776119402985075,0.6194029850746269,-0.4701492537313433,0.09701492537313433,-0.6940298507462687,0.34328358208955223,-0.8731343283582089,0.4925373134328358,-1.0,0.6417910447761194,-0.27611940298507465,0.16417910447761194,-0.4701492537313433,0.664179104477612,-0.4701492537313433,0.582089552238806,-0.43283582089552236,0.43283582089552236,-0.06716417910447761,0.2537313432835821,-0.27611940298507465,0.7089552238805971,-0.30597014925373134,0.6044776119402985,-0.26119402985074625,0.4552238805970149,0.11194029850746269,0.3358208955223881,-0.07462686567164178,0.7089552238805971,-0.11194029850746269,0.6194029850746269,-0.06716417910447761,0.48507462686567165
4,0.0,0.0,-0.2601626016260163,0.17073170731707318,-0.3333333333333333,0.4878048780487805,-0.2601626016260163,0.7967479674796748,-0.13008130081300814,1.0,-0.056910569105691054,0.24390243902439024,-0.13821138211382114,0.6747967479674797,-0.17886178861788618,0.7886178861788617,-0.15447154471544716,0.8455284552845529,0.17886178861788618,0.2682926829268293,0.04065040650406504,0.8130081300813008,-0.056910569105691054,0.8048780487804879,-0.07317073170731707,0.7073170731707317,0.34959349593495936,0.34146341463414637,0.18699186991869918,0.8373983739837398,0.08130081300813008,0.7967479674796748,0.056910569105691054,0.6829268292682927,0.45528455284552843,0.42276422764227645,0.3333333333333333,0.8048780487804879,0.24390243902439024,0.7804878048780488,0.21951219512195122,0.6829268292682927
4,0.0,0.0,-0.2653061224489796,0.04081632653061224,-0.4897959183673469,0.14965986394557823,-0.6394557823129252,0.2789115646258503,-0.7619047619047619,0.3673469387755102,-0.4489795918367347,0.0,-0.7006802721088435,0.1564625850340136,-0.8775510204081632,0.2789115646258503,-1.0,0.3673469387755102,-0.2585034013605442,0.034013605442176874,-0.4897959183673469,0.46938775510204084,-0.5238095238095238,0.46258503401360546,-0.5170068027210885,0.3673469387755102,-0.08163265306122448,0.10204081632653061,-0.3129251700680272,0.54421768707483,-0.3469387755102041,0.5170068027210885,-0.32653061224489793,0.3877551020408163,0.07482993197278912,0.17687074829931973,-0.12244897959183673,0.5306122448979592,-0.17687074829931973,0.5238095238095238,-0.17006802721088435,0.41496598639455784
5,0.0,0.0,0.36879432624113473,-0.07801418439716312,0.6382978723404256,-0.19148936170212766,0.8297872340425532,-0.2695035460992908,1.0,-0.3191489361702128,0.6170212765957447,-0.7588652482269503,0.8014184397163121,-0.4326241134751773,0.7021276595744681,-0.23404255319148937,0.6170212765957447,-0.23404255319148937,0.3617021276595745,-0.7872340425531915,0.5673758865248227,-0.3262411347517731,0.46099290780141844,-0.11347517730496454,0.3829787234042553,-0.1347517730496454,0.10638297872340426,-0.7304964539007093,0.2978723404255319,-0.2695035460992908,0.2127659574468085,-0.09929078014184398,0.1347517730496454,-0.14893617021276595,-0.14184397163120568,-0.624113475177305,0.014184397163120567,-0.2978723404255319,0.0070921985815602835,-0.1702127659574468,-0.028368794326241134,-0.2127659574468085
5,0.0,0.0,0.39490445859872614,-0.044585987261146494,0.6624203821656051,-0.19745222929936307,0.8343949044585988,-0.3375796178343949,1.0,-0.43312101910828027,0.6178343949044586,-0.6751592356687898,0.8726114649681529,-0.3885350318471338,0.7643312101910829,-0.18471337579617833,0.6687898089171974,-0.20382165605095542,0.43312101910828027,-0.7070063694267515,0.7261146496815286,-0.3248407643312102,0.6114649681528662,-0.12101910828025478,0.5222929936305732,-0.1464968152866242,0.2484076433121019,-0.6496815286624203,0.5095541401273885,-0.2611464968152866,0.4267515923566879,-0.08917197452229299,0.3503184713375796,-0.14012738853503184,0.07006369426751592,-0.5414012738853503,0.2611464968152866,-0.24203821656050956,0.2229299363057325,-0.12101910828025478,0.1592356687898089,-0.17834394904458598
5,0.0,0.0,0.40217391304347827,0.03804347826086957,0.6413043478260869,-0.04891304347826087,0.7989130434782609,-0.14673913043478262,0.907608695652174,-0.22282608695652173,0.7282608695652174,-0.42391304347826086,1.0,-0.15217391304347827,0.875,-0.05434782608695652,0.7663043478260869,-0.08695652173913043,0.6141304347826086,-0.43478260869565216,0.8913043478260869,-0.05434782608695652,0.7336956521739131,0.016304347826086956,0.6413043478260869,-0.04891304347826087,0.4782608695652174,-0.375,0.7391304347826086,-0.010869565217391304,0.6032608695652174,0.04891304347826087,0.5163043478260869,-0.010869565217391304,0.3423913043478261,-0.2826086956521739,0.5271739130434783,-0.005434782608695652,0.44021739130434784,0.043478260869565216,0.3695652173913043,-0.016304347826086956
5,0.0,0.0,0.31952662721893493,0.03550295857988166,0.5857988165680473,0.0,0.7692307692307693,-0.023668639053254437,0.9053254437869822,-0.023668639053254437,0.7751479289940828,-0.2958579881656805,1.0,0.0,0.8816568047337278,0.05917159763313609,0.7928994082840237,0.005917159763313609,0.6745562130177515,-0.2781065088757396,0.893491124260355,0.10650887573964497,0.7514792899408284,0.1242603550295858,0.6745562130177515,0.03550295857988166,0.5502958579881657,-0.21301775147928995,0.7396449704142012,0.15384615384615385,0.6094674556213018,0.15976331360946747,0.5443786982248521,0.0650887573964497,0.41420118343195267,-0.11834319526627218,0.5680473372781065,0.17159763313609466,0.47337278106508873,0.17159763313609466,0.40828402366863903,0.08875739644970414
5,0.0,0.0,0.3235294117647059,-0.11764705882352941,0.6470588235294118,-0.16911764705882354,0.8529411764705882,-0.125,0.9705882352941176,-0.08823529411764706,0.6470588235294118,-0.39705882352941174,1.0,-0.03676470588235294,0.8970588235294118,0.09558823529411764,0.7573529411764706,0.022058823529411766,0.4485294117647059,-0.29411764705882354,0.8088235294117647,0.18382352941176472,0.6764705882352942,0.2426470588235294,0.5441176470588235,0.13970588235294118,0.2426470588235294,-0.125,0.5441176470588235,0.3235294117647059,0.4338235294117647,0.3161764705882353,0.3382352941176471,0.19852941176470587,0.058823529411764705,0.0661764705882353,0.2867647058823529,0.39705882352941174,0.22794117647058823,0.36764705882352944,0.14705882352941177,0.25735294117647056
5,0.0,0.0,0.13636363636363635,-0.2662337662337662,0.42857142857142855,-0.42207792207792205,0.6948051948051948,-0.4090909090909091,0.8896103896103896,-0.33116883116883117,0.5194805194805194,-0.44805194805194803,1.0,-0.4155844155844156,0.9025974025974026,-0.33766233766233766,0.7402597402597403,-0.3181818181818182,0.5064935064935064,-0.24675324675324675,1.0,-0.18831168831168832,0.8506493506493507,-0.14285714285714285,0.6818181818181818,-0.15584415584415584,0.474025974025974,-0.025974025974025976,0.8961038961038961,0.032467532467532464,0.7532467532467533,0.045454545454545456,0.5974025974025974,0.025974025974025976,0.4155844155844156,0.2012987012987013,0.7662337662337663,0.2077922077922078,0.6623376623376623,0.18831168831168832,0.525974025974026,0.16883116883116883
5,0.0,0.0,0.23076923076923078,-0.19230769230769232,0.5288461538461539,-0.27884615384615385,0.7596153846153846,-0.25,0.9230769230769231,-0.1875,0.6490384615384616,-0.40865384615384615,1.0,-0.20192307692307693,0.8990384615384616,-0.11538461538461539,0.7932692307692307,-0.15384615384615385,0.5673076923076923,-0.2932692307692308,0.9230769230769231,-0.04807692307692308,0.7980769230769231,-0.009615384615384616,0.6875,-0.0673076923076923,0.47596153846153844,-0.14423076923076922,0.7884615384615384,0.08173076923076923,0.6682692307692307,0.08653846153846154,0.5625,0.019230769230769232,0.3701923076923077,0.009615384615384616,0.6442307692307693,0.17307692307692307,0.5576923076923077,0.16346153846153846,0.4567307692307692,0.09615384615384616
5,0.0,0.0,0.381294964028777,-0.07194244604316546,0.6546762589928058,-0.22302158273381295,0.8345323741007195,-0.34532374100719426,1.0,-0.43884892086330934,0.5971223021582733,-0.8345323741007195,0.8345323741007195,-0.49640287769784175,0.7338129496402878,-0.2733812949640288,0.6330935251798561,-0.2733812949640288,0.35251798561151076,-0.8633093525179856,0.6402877697841727,-0.4244604316546763,0.5251798561151079,-0.18705035971223022,0.4172661870503597,-0.2014388489208633,0.11510791366906475,-0.7913669064748201,0.37410071942446044,-0.3237410071942446,0.2949640287769784,-0.12949640287769784,0.2014388489208633,-0.18705035971223022,-0.1079136690647482,-0.6546762589928058,0.1079136690647482,-0.28776978417266186,0.08633093525179857,-0.1510791366906475,0.02877697841726619,-0.2158273381294964
5,0.0,0.0,0.3014705882352941,-0.11029411764705882,0.5367647058823529,-0.3897058823529412,0.5808823529411765,-0.6176470588235294,0.6029411764705882,-0.8014705882352942,0.36764705882352944,-0.9779411764705882,0.5,-0.8676470588235294,0.4852941176470588,-0.5735294117647058,0.4264705882352941,-0.47794117647058826,0.08088235294117647,-1.0,0.2647058823529412,-0.7573529411764706,0.27205882352941174,-0.4264705882352941,0.22058823529411764,-0.39705882352941174,-0.17647058823529413,-0.9117647058823529,0.022058823529411766,-0.6029411764705882,0.03676470588235294,-0.34558823529411764,-0.014705882352941176,-0.3602941176470588,-0.39705882352941174,-0.7647058823529411,-0.22794117647058823,-0.4852941176470588,-0.18382352941176472,-0.3161764705882353,-0.22058823529411764,-0.35294117647058826
5,0.0,0.0,0.391304347826087,-0.15942028985507245,0.6521739130434783,-0.45652173913043476,0.7536231884057971,-0.6956521739130435,0.8405797101449275,-0.9057971014492754,0.42028985507246375,-0.9637681159420289,0.7318840579710145,-0.9637681159420289,0.7971014492753623,-0.7898550724637681,0.7971014492753623,-0.6884057971014492,0.21739130434782608,-1.0,0.5942028985507246,-0.8405797101449275,0.5652173913043478,-0.5434782608695652,0.47101449275362317,-0.427536231884058,0.014492753623188406,-0.9420289855072463,0.36231884057971014,-0.7028985507246377,0.30434782608695654,-0.4492753623188406,0.21014492753623187,-0.4057971014492754,-0.17391304347826086,-0.8188405797101449,0.12318840579710146,-0.6231884057971014,0.10869565217391304,-0.43478260869565216,0.021739130434782608,-0.42028985507246375
5,0.0,0.0,0.45112781954887216,-0.15037593984962405,0.7142857142857143,-0.45112781954887216,0.8646616541353384,-0.6691729323308271,1.0,-0.8721804511278195,0.5037593984962406,-0.9774436090225563,0.9323308270676691,-0.8947368421052632,0.8947368421052632,-0.6015037593984962,0.7744360902255639,-0.48120300751879697,0.3458646616541353,-0.9849624060150376,0.8345864661654135,-0.8345864661654135,0.7518796992481203,-0.5112781954887218,0.6165413533834586,-0.43609022556390975,0.20300751879699247,-0.9022556390977443,0.6691729323308271,-0.7518796992481203,0.5789473684210527,-0.46616541353383456,0.43609022556390975,-0.42105263157894735,0.08270676691729323,-0.7669172932330827,0.44360902255639095,-0.6616541353383458,0.39097744360902253,-0.48120300751879697,0.2631578947368421,-0.45112781954887216
5,0.0,0.0,0.3448275862068966,-0.1103448275862069,0.6689655172413793,-0.4,0.7172413793103448,-0.6344827586206897,0.5517241379310345,-0.7103448275862069,0.5172413793103449,-0.8689655172413793,0.6689655172413793,-1.0,0.6,-0.7310344827586207,0.5379310344827586,-0.6482758620689655,0.296551724137931,-0.8896551724137931,0.4413793103448276,-0.9793103448275862,0.4,-0.6758620689655173,0.3448275862068966,-0.6344827586206897,0.07586206896551724,-0.8551724137931035,0.20689655172413793,-0.9241379310344827,0.20689655172413793,-0.6344827586206897,0.15862068965517243,-0.593103448275862,-0.15172413793103448,-0.7931034482758621,-0.006896551724137931,-0.8551724137931035,0.013793103448275862,-0.6482758620689655,-0.027586206896551724,-0.593103448275862
5,0.0,0.0,0.30120481927710846,-0.10843373493975904,0.4939759036144578,-0.463855421686747,0.41566265060240964,-0.7469879518072289,0.3614457831325301,-0.9036144578313253,0.37349397590361444,-0.7650602409638554,0.42771084337349397,-1.0,0.39759036144578314,-0.6987951807228916,0.35542168674698793,-0.5662650602409639,0.14457831325301204,-0.7650602409638554,0.1927710843373494,-0.9578313253012049,0.20481927710843373,-0.5963855421686747,0.1927710843373494,-0.536144578313253,-0.07228915662650602,-0.7289156626506024,-0.05421686746987952,-0.8674698795180723,0.006024096385542169,-0.5240963855421686,0.012048192771084338,-0.4819277108433735,-0.29518072289156627,-0.6626506024096386,-0.26506024096385544,-0.7831325301204819,-0.18072289156626506,-0.5481927710843374,-0.16265060240963855,-0.4879518072289157
5,0.0,0.0,0.3333333333333333,-0.19444444444444445,0.5416666666666666,-0.5277777777777778,0.5902777777777778,-0.7847222222222222,0.6388888888888888,-0.9722222222222222,0.3541666666666667,-0.9583333333333334,0.5833333333333334,-1.0,0.5763888888888888,-0.7291666666666666,0.5138888888888888,-0.6388888888888888,0.1736111111111111,-0.9722222222222222,0.4652777777777778,-0.9722222222222222,0.4305555555555556,-0.6527777777777778,0.3333333333333333,-0.6111111111111112,-0.006944444444444444,-0.9375,0.2916666666666667,-0.9027777777777778,0.2638888888888889,-0.6111111111111112,0.16666666666666666,-0.5694444444444444,-0.1736111111111111,-0.8611111111111112,0.11805555555555555,-0.8472222222222222,0.11805555555555555,-0.6388888888888888,0.013888888888888888,-0.5902777777777778
5,0.0,0.0,0.43478260869565216,-0.18115942028985507,0.6739130434782609,-0.4855072463768116,0.8188405797101449,-0.7391304347826086,0.9347826086956522,-0.9492753623188406,0.5,-0.9782608695652174,0.8913043478260869,-0.9565217391304348,0.8695652173913043,-0.6956521739130435,0.7608695652173914,-0.5652173913043478,0.35507246376811596,-1.0,0.782608695652174,-0.8913043478260869,0.7463768115942029,-0.6086956521739131,0.6159420289855072,-0.5217391304347826,0.21014492753623187,-0.9565217391304348,0.6304347826086957,-0.8405797101449275,0.5869565217391305,-0.5797101449275363,0.45652173913043476,-0.5144927536231884,0.07246376811594203,-0.8623188405797102,0.41304347826086957,-0.7753623188405797,0.4057971014492754,-0.5869565217391305,0.2898550724637681,-0.5362318840579711
5,0.0,0.0,-0.3274336283185841,-0.12389380530973451,-0.5575221238938053,-0.3893805309734513,-0.5752212389380531,-0.5663716814159292,-0.45132743362831856,-0.6814159292035398,-0.40707964601769914,-0.9734513274336283,-0.6106194690265486,-0.8761061946902655,-0.5486725663716814,-0.6194690265486725,-0.4690265486725664,-0.5486725663716814,-0.18584070796460178,-1.0,-0.37168141592920356,-0.8407079646017699,-0.336283185840708,-0.5398230088495575,-0.2743362831858407,-0.5309734513274337,0.035398230088495575,-0.9292035398230089,-0.12389380530973451,-0.7610619469026548,-0.13274336283185842,-0.49557522123893805,-0.07964601769911504,-0.5132743362831859,0.24778761061946902,-0.8053097345132744,0.11504424778761062,-0.6991150442477876,0.061946902654867256,-0.504424778761062,0.08849557522123894,-0.5132743362831859
5,0.0,0.0,-0.44545454545454544,-0.11818181818181818,-0.7272727272727273,-0.38181818181818183,-0.8636363636363636,-0.5909090909090909,-0.9727272727272728,-0.7636363636363637,-0.4818181818181818,-1.0,-0.9090909090909091,-0.8454545454545455,-0.8727272727272727,-0.5909090909090909,-0.7454545454545455,-0.5272727272727272,-0.2909090909090909,-0.990909090909091,-0.7727272727272727,-0.7272727272727273,-0.6909090909090909,-0.44545454545454544,-0.5636363636363636,-0.42727272727272725,-0.11818181818181818,-0.8727272727272727,-0.5818181818181818,-0.6181818181818182,-0.509090909090909,-0.36363636363636365,-0.38181818181818183,-0.37272727272727274,0.03636363636363636,-0.6909090909090909,-0.34545454545454546,-0.5181818181818182,-0.3181818181818182,-0.34545454545454546,-0.21818181818181817,-0.34545454545454546
5,0.0,0.0,-0.46551724137931033,-0.1896551724137931,-0.6896551724137931,-0.4827586206896552,-0.8362068965517241,-0.7155172413793104,-0.9224137931034483,-0.9051724137931034,-0.4051724137931034,-1.0,-0.9396551724137931,-0.9051724137931034,-0.9655172413793104,-0.6293103448275862,-0.8448275862068966,-0.5,-0.29310344827586204,-0.9827586206896551,-0.8706896551724138,-0.8275862068965517,-0.853448275862069,-0.5344827586206896,-0.7241379310344828,-0.43103448275862066,-0.19827586206896552,-0.8793103448275862,-0.75,-0.7413793103448276,-0.6810344827586207,-0.4827586206896552,-0.5344827586206896,-0.43103448275862066,-0.12931034482758622,-0.7155172413793104,-0.5517241379310345,-0.6379310344827587,-0.5258620689655172,-0.45689655172413796,-0.39655172413793105,-0.4051724137931034
5,0.0,0.0,-0.36134453781512604,-0.15966386554621848,-0.6302521008403361,-0.4789915966386555,-0.7058823529411765,-0.7058823529411765,-0.6386554621848739,-0.8571428571428571,-0.37815126050420167,-1.0,-0.6638655462184874,-0.9663865546218487,-0.6470588235294118,-0.7058823529411765,-0.5630252100840336,-0.6554621848739496,-0.17647058823529413,-0.9915966386554622,-0.46218487394957986,-0.8991596638655462,-0.46218487394957986,-0.6050420168067226,-0.36134453781512604,-0.5882352941176471,0.03361344537815126,-0.8991596638655462,-0.24369747899159663,-0.8151260504201681,-0.2605042016806723,-0.5294117647058824,-0.15966386554621848,-0.5294117647058824,0.23529411764705882,-0.7563025210084033,0.0,-0.7058823529411765,-0.06722689075630252,-0.4957983193277311,0.008403361344537815,-0.47058823529411764
5,0.0,0.0,-0.2462686567164179,-0.16417910447761194,-0.40298507462686567,-0.47761194029850745,-0.3358208955223881,-0.6716417910447762,-0.16417910447761194,-0.7238805970149254,-0.208955223880597,-0.835820895522388,-0.34328358208955223,-1.0,-0.35074626865671643,-0.753731343283582,-0.30597014925373134,-0.6194029850746269,-0.022388059701492536,-0.8134328358208955,-0.14925373134328357,-0.917910447761194,-0.1791044776119403,-0.6044776119402985,-0.12686567164179105,-0.5522388059701493,0.16417910447761194,-0.7313432835820896,0.06716417910447761,-0.8283582089552238,0.007462686567164179,-0.5447761194029851,0.05970149253731343,-0.5074626865671642,0.35074626865671643,-0.6268656716417911,0.26865671641791045,-0.7313432835820896,0.17164179104477612,-0.5373134328358209,0.1865671641791045,-0.48507462686567165
5,0.0,0.0,-0.3037037037037037,-0.22962962962962963,-0.45185185185185184,-0.5333333333333333,-0.4888888888888889,-0.762962962962963,-0.5111111111111111,-0.9629629629629629,-0.2074074074074074,-0.9407407407407408,-0.48148148148148145,-1.0,-0.5037037037037037,-0.7555555555555555,-0.4444444444444444,-0.6222222222222222,-0.06666666666666667,-0.9259259259259259,-0.37037037037037035,-0.9481481481481482,-0.3851851851851852,-0.6592592592592592,-0.2962962962962963,-0.5703703703703704,0.08148148148148149,-0.8592592592592593,-0.21481481481481482,-0.8666666666666667,-0.2222222222222222,-0.5851851851851851,-0.13333333333333333,-0.5111111111111111,0.22962962962962963,-0.7333333333333333,-0.037037037037037035,-0.7703703703703704,-0.07407407407407407,-0.5777777777777777,0.0,-0.5111111111111111
5,0.0,0.0,-0.3394495412844037,-0.21100917431192662,-0.48623853211009177,-0.5137614678899083,-0.5779816513761468,-0.7155963302752294,-0.6788990825688074,-0.9174311926605505,-0.3211009174311927,-0.8623853211009175,-0.6513761467889908,-1.0,-0.7155963302752294,-0.7614678899082569,-0.6330275229357798,-0.6146788990825688,-0.23853211009174313,-0.8899082568807339,-0.6513761467889908,-1.0,-0.6513761467889908,-0.6513761467889908,-0.5045871559633027,-0.5412844036697247,-0.12844036697247707,-0.9174311926605505,-0.5688073394495413,-0.981651376146789,-0.5321100917431193,-0.6330275229357798,-0.3394495412844037,-0.5412844036697247,-0.009174311926605505,-0.8990825688073395,-0.3944954128440367,-0.981651376146789,-0.4036697247706422,-0.7339449541284404,-0.25688073394495414,-0.6330275229357798
5,0.0,0.0,-0.423728813559322,-0.3135593220338983,-0.6016949152542372,-0.5847457627118644,-0.6694915254237288,-0.8135593220338984,-0.7288135593220338,-1.0,-0.3559322033898305,-0.7203389830508474,-0.5508474576271186,-0.9067796610169492,-0.6864406779661016,-0.9491525423728814,-0.7542372881355932,-0.9745762711864406,-0.3050847457627119,-0.7796610169491526,-0.5847457627118644,-0.923728813559322,-0.6694915254237288,-0.847457627118644,-0.6694915254237288,-0.8220338983050848,-0.2542372881355932,-0.8305084745762712,-0.5847457627118644,-0.9491525423728814,-0.6271186440677966,-0.8220338983050848,-0.5677966101694916,-0.7457627118644068,-0.19491525423728814,-0.8559322033898306,-0.4915254237288136,-0.9745762711864406,-0.5254237288135594,-0.8728813559322034,-0.4661016949152542,-0.788135593220339
5,0.0,0.0,-0.2986111111111111,-0.09027777777777778,-0.4930555555555556,-0.3888888888888889,-0.5347222222222222,-0.6597222222222222,-0.5069444444444444,-0.8472222222222222,-0.4027777777777778,-0.7430555555555556,-0.4375,-0.9861111111111112,-0.4097222222222222,-0.7638888888888888,-0.3541666666666667,-0.6180555555555556,-0.2777777777777778,-0.8055555555555556,-0.3611111111111111,-1.0,-0.3194444444444444,-0.7152777777777778,-0.2222222222222222,-0.5972222222222222,-0.13194444444444445,-0.8402777777777778,-0.24305555555555555,-0.9861111111111112,-0.2013888888888889,-0.7152777777777778,-0.10416666666666667,-0.5902777777777778,0.020833333333333332,-0.8402777777777778,-0.10416666666666667,-0.9652777777777778,-0.0763888888888889,-0.7777777777777778,0.020833333333333332,-0.6736111111111112
5,0.0,0.0,-0.20238095238095238,-0.22023809523809523,-0.2916666666666667,-0.5297619047619048,-0.24404761904761904,-0.7738095238095238,-0.18452380952380953,-0.9285714285714286,-0.125,-0.75,-0.13690476190476192,-1.0,-0.18452380952380953,-0.8095238095238095,-0.18452380952380953,-0.6309523809523809,0.023809523809523808,-0.7023809523809523,0.011904761904761904,-0.9345238095238095,-0.06547619047619048,-0.6904761904761905,-0.05952380952380952,-0.5238095238095238,0.16666666666666666,-0.6309523809523809,0.15476190476190477,-0.8154761904761905,0.05952380952380952,-0.5892857142857143,0.047619047619047616,-0.43452380952380953,0.31547619047619047,-0.5297619047619048,0.30357142857142855,-0.7321428571428571,0.19642857142857142,-0.6011904761904762,0.16666666666666666,-0.47023809523809523
5,0.0,0.0,-0.3076923076923077,-0.22377622377622378,-0.4755244755244755,-0.5104895104895105,-0.5804195804195804,-0.7202797202797203,-0.6713286713286714,-0.9020979020979021,-0.13286713286713286,-0.9790209790209791,-0.5594405594405595,-1.0,-0.5944055944055944,-0.7342657342657343,-0.4965034965034965,-0.6223776223776224,0.0,-0.965034965034965,-0.4965034965034965,-0.9370629370629371,-0.5034965034965035,-0.6153846153846154,-0.3776223776223776,-0.5524475524475524,0.11188811188811189,-0.8811188811188811,-0.36363636363636365,-0.8461538461538461,-0.35664335664335667,-0.5454545454545454,-0.21678321678321677,-0.4965034965034965,0.2097902097902098,-0.7342657342657343,-0.15384615384615385,-0.7552447552447552,-0.18181818181818182,-0.5734265734265734,-0.07692307692307693,-0.5174825174825175
5,0.0,0.0,-0.24390243902439024,-0.23170731707317074,-0.3353658536585366,-0.5792682926829268,-0.2926829268292683,-0.823170731707317,-0.2621951219512195,-0.9695121951219512,-0.18292682926829268,-0.8048780487804879,-0.23170731707317074,-1.0,-0.25,-0.7682926829268293,-0.23780487804878048,-0.6524390243902439,-0.012195121951219513,-0.774390243902439,-0.04878048780487805,-0.9207317073170732,-0.10365853658536585,-0.6524390243902439,-0.08536585365853659,-0.5975609756097561,0.16463414634146342,-0.7073170731707317,0.1402439024390244,-0.8353658536585366,0.054878048780487805,-0.5792682926829268,0.06097560975609756,-0.5121951219512195,0.34146341463414637,-0.6097560975609756,0.3170731707317073,-0.7682926829268293,0.22560975609756098,-0.6036585365853658,0.21341463414634146,-0.524390243902439
5,0.0,0.0,-0.28289473684210525,-0.17763157894736842,-0.4407894736842105,-0.47368421052631576,-0.40131578947368424,-0.6578947368421053,-0.26973684210526316,-0.7236842105263158,-0.16447368421052633,-0.9342105263157895,-0.26973684210526316,-1.0,-0.3092105263157895,-0.75,-0.2894736842105263,-0.631578947368421,0.05263157894736842,-0.8881578947368421,-0.046052631578947366,-0.9144736842105263,-0.13815789473684212,-0.618421052631579,-0.1118421052631579,-0.5657894736842105,0.24342105263157895,-0.7697368421052632,0.16447368421052633,-0.7697368421052632,0.046052631578947366,-0.5328947368421053,0.07894736842105263,-0.5197368421052632,0.40789473684210525,-0.6118421052631579,0.34868421052631576,-0.625,0.2236842105263158,-0.47368421052631576,0.2236842105263158,-0.45394736842105265
